Stkcd,Indcd,Indnme,Nindcd,Nindnme,,
1,1,金融,I01,银行业,,
2,3,房地产,J01,房地产开发与经营业,,
3,4,综合,M,综合类,,
4,2,公用事业,F03,公路运输业,,
5,4,综合,M,综合类,,
6,3,房地产,J01,房地产开发与经营业,,
7,3,房地产,J01,房地产开发与经营业,,
8,2,公用事业,G87,计算机应用服务业,,
9,4,综合,M,综合类,,
10,6,商业,H21,商业经纪与代理业,,
11,4,综合,M,综合类,,
12,5,工业,C61,非金属矿物制品业,,
13,6,商业,H03,能源、材料和机械电子设备批发业,,
14,3,房地产,J01,房地产开发与经营业,,
15,4,综合,M,综合类,,
16,5,工业,C55,日用电子器具制造业,,
17,5,工业,C75,交通运输设备制造业,,
18,5,工业,C11,纺织业,,
19,5,工业,C05,饮料制造业,,
20,5,工业,C55,日用电子器具制造业,,
21,5,工业,G83,计算机及相关设备制造业,,
22,2,公用事业,F11,交通运输辅助业,,
23,3,房地产,E01,土木工程建筑业,,
24,3,房地产,J01,房地产开发与经营业,,
25,4,综合,M,综合类,,
26,5,工业,C78,仪器仪表及文化、办公用机械制造业,,
27,5,工业,D01,电力、蒸汽、热水的生产和供应业,,
28,5,工业,C81,医药制造业,,
29,3,房地产,J01,房地产开发与经营业,,
30,5,工业,C99,其他制造业,,
31,3,房地产,J01,房地产开发与经营业,,
32,5,工业,G81,通信及相关设备制造业,,
33,6,商业,K32,旅馆业,,
34,4,综合,M,综合类,,
35,5,工业,G81,通信及相关设备制造业,,
36,5,工业,C11,纺织业,,
37,5,工业,D01,电力、蒸汽、热水的生产和供应业,,
38,2,公用事业,G87,计算机应用服务业,,
39,5,工业,C69,金属制品业,,
40,4,综合,M,综合类,,
42,3,房地产,J01,房地产开发与经营业,,
43,4,综合,M,综合类,,
45,5,工业,C11,纺织业,,
46,3,房地产,J01,房地产开发与经营业,,
47,3,房地产,J01,房地产开发与经营业,,
48,5,工业,C01,食品加工业,,
49,5,工业,C76,电器机械及器材制造业,,
50,5,工业,C51,电子元器件制造业,,
55,5,工业,C69,金属制品业,,
56,6,商业,H11,零售业,,
58,5,工业,C51,电子元器件制造业,,
59,5,工业,C43,化学原料及化学制品制造业,,
60,5,工业,C67,有色金属冶炼及压延加工业,,
61,6,商业,H01,食品、饮料、烟草和家庭用品批发业,,
62,4,综合,M,综合类,,
63,5,工业,G81,通信及相关设备制造业,,
65,3,房地产,E01,土木工程建筑业,,
66,5,工业,G83,计算机及相关设备制造业,,
68,5,工业,C51,电子元器件制造业,,
69,2,公用事业,K34,旅游业,,
70,5,工业,C51,电子元器件制造业,,
78,5,工业,C81,医药制造业,,
88,2,公用事业,F11,交通运输辅助业,,
89,2,公用事业,F11,交通运输辅助业,,
90,3,房地产,E01,土木工程建筑业,,
96,6,商业,H03,能源、材料和机械电子设备批发业,,
99,2,公用事业,F09,航空运输业,,
100,5,工业,C55,日用电子器具制造业,,
150,5,工业,C78,仪器仪表及文化、办公用机械制造业,,
151,2,公用事业,K99,其他社会服务业,,
153,5,工业,C81,医药制造业,,
155,5,工业,C43,化学原料及化学制品制造业,,
156,5,工业,C49,塑料制造业,,
157,5,工业,C73,专用设备制造业,,
158,5,工业,C11,纺织业,,
159,4,综合,M,综合类,,
166,1,金融,J67,资本市场服务,,
301,5,工业,C11,纺织业,,
333,5,工业,C38,电气机械及器材制造业,,
338,5,工业,C75,交通运输设备制造业,,
400,5,工业,C76,电器机械及器材制造业,,
401,5,工业,C61,非金属矿物制品业,,
402,3,房地产,J01,房地产开发与经营业,,
403,5,工业,C43,化学原料及化学制品制造业,,
404,5,工业,C73,专用设备制造业,,
405,5,工业,C67,有色金属冶炼及压延加工业,,
406,5,工业,B03,石油和天然气开采业,,
407,5,工业,C49,塑料制造业,,
408,5,工业,C61,非金属矿物制品业,,
409,5,工业,C73,专用设备制造业,,
410,5,工业,C71,普通机械制造业,,
411,6,商业,H11,零售业,,
412,4,综合,M,综合类,,
413,5,工业,C51,电子元器件制造业,,
415,3,房地产,E01,土木工程建筑业,,
416,5,工业,C03,食品制造业,,
417,6,商业,H11,零售业,,
418,5,工业,C76,电器机械及器材制造业,,
419,6,商业,H11,零售业,,
420,5,工业,C47,化学纤维制造业,,
421,2,公用事业,K01,公共设施服务业,,
422,5,工业,C43,化学原料及化学制品制造业,,
423,5,工业,C81,医药制造业,,
425,5,工业,C73,专用设备制造业,,
426,5,工业,D01,电力、蒸汽、热水的生产和供应业,,
428,2,公用事业,K34,旅游业,,
429,2,公用事业,F11,交通运输辅助业,,
430,2,公用事业,K34,旅游业,,
488,5,工业,C31,造纸及纸制品业,,
498,5,工业,C47,化学纤维制造业,,
501,6,商业,H11,零售业,,
502,3,房地产,J01,房地产开发与经营业,,
503,4,综合,M,综合类,,
504,2,公用事业,L01,出版业,,
505,3,房地产,J01,房地产开发与经营业,,
506,5,工业,C31,造纸及纸制品业,,
507,4,综合,M,综合类,,
508,3,房地产,J01,房地产开发与经营业,,
509,4,综合,A07,渔业,,
510,5,工业,C43,化学原料及化学制品制造业,,
511,3,房地产,J01,房地产开发与经营业,,
513,5,工业,C81,医药制造业,,
514,3,房地产,J01,房地产开发与经营业,,
515,5,工业,C43,化学原料及化学制品制造业,,
516,6,商业,H11,零售业,,
517,5,工业,G81,通信及相关设备制造业,,
518,5,工业,C85,生物制品业,,
519,5,工业,C71,普通机械制造业,,
520,5,工业,C41,石油加工及炼焦业,,
521,5,工业,C76,电器机械及器材制造业,,
522,5,工业,C81,医药制造业,,
523,5,工业,C43,化学原料及化学制品制造业,,
524,6,商业,K32,旅馆业,,
525,5,工业,C43,化学原料及化学制品制造业,,
526,4,综合,M,综合类,,
527,5,工业,C76,电器机械及器材制造业,,
528,5,工业,C73,专用设备制造业,,
529,5,工业,C11,纺织业,,
530,5,工业,C71,普通机械制造业,,
531,5,工业,D01,电力、蒸汽、热水的生产和供应业,,
532,5,工业,D01,电力、蒸汽、热水的生产和供应业,,
533,5,工业,C76,电器机械及器材制造业,,
534,5,工业,D01,电力、蒸汽、热水的生产和供应业,,
535,5,工业,C69,金属制品业,,
536,5,工业,C76,电器机械及器材制造业,,
537,4,综合,M,综合类,,
538,5,工业,C81,医药制造业,,
539,5,工业,D01,电力、蒸汽、热水的生产和供应业,,
540,4,综合,M,综合类,,
541,5,工业,C76,电器机械及器材制造业,,
542,5,工业,G81,通信及相关设备制造业,,
543,5,工业,D01,电力、蒸汽、热水的生产和供应业,,
544,5,工业,C61,非金属矿物制品业,,
545,5,工业,C81,医药制造业,,
546,3,房地产,J01,房地产开发与经营业,,
547,5,工业,G81,通信及相关设备制造业,,
548,2,公用事业,K01,公共设施服务业,,
549,5,工业,C75,交通运输设备制造业,,
550,5,工业,C75,交通运输设备制造业,,
551,5,工业,C71,普通机械制造业,,
552,5,工业,B01,煤炭采选业,,
553,5,工业,C43,化学原料及化学制品制造业,,
554,6,商业,H03,能源、材料和机械电子设备批发业,,
555,5,工业,G81,通信及相关设备制造业,,
556,2,公用事业,F07,水上运输业,,
557,5,工业,C85,生物制品业,,
558,3,房地产,J01,房地产开发与经营业,,
559,5,工业,C75,交通运输设备制造业,,
560,6,商业,H11,零售业,,
561,5,工业,C76,电器机械及器材制造业,,
562,1,金融,I21,证券、期货业,,
563,1,金融,I31,金融信托业,,
564,6,商业,H11,零售业,,
565,5,工业,C43,化学原料及化学制品制造业,,
566,5,工业,C81,医药制造业,,
567,4,综合,M,综合类,,
568,5,工业,C05,饮料制造业,,
569,5,工业,C65,黑色金属冶炼及压延加工业,,
570,5,工业,C71,普通机械制造业,,
571,5,工业,C75,交通运输设备制造业,,
572,4,综合,M,综合类,,
573,3,房地产,J01,房地产开发与经营业,,
576,5,工业,C01,食品加工业,,
578,6,商业,H21,商业经纪与代理业,,
581,5,工业,C71,普通机械制造业,,
582,2,公用事业,F11,交通运输辅助业,,
583,2,公用事业,G87,计算机应用服务业,,
584,4,综合,M,综合类,,
585,5,工业,C76,电器机械及器材制造业,,
586,6,商业,H21,商业经纪与代理业,,
587,5,工业,C25,家具制造业,,
588,4,综合,A07,渔业,,
589,5,工业,C48,橡胶制造业,,
590,5,工业,C81,医药制造业,,
591,5,工业,C81,医药制造业,,
592,3,房地产,J01,房地产开发与经营业,,
593,6,商业,H11,零售业,,
594,5,工业,B07,有色金属矿采选业,,
595,5,工业,C71,普通机械制造业,,
596,5,工业,C03,食品制造业,,
597,5,工业,C81,医药制造业,,
598,5,工业,C43,化学原料及化学制品制造业,,
599,5,工业,C48,橡胶制造业,,
600,5,工业,D01,电力、蒸汽、热水的生产和供应业,,
601,5,工业,D01,电力、蒸汽、热水的生产和供应业,,
602,2,公用事业,G85,通信服务业,,
603,5,工业,C73,专用设备制造业,,
605,5,工业,C85,生物制品业,,
606,5,工业,C43,化学原料及化学制品制造业,,
607,5,工业,C78,仪器仪表及文化、办公用机械制造业,,
608,3,房地产,J01,房地产开发与经营业,,
609,5,工业,C43,化学原料及化学制品制造业,,
610,2,公用事业,K34,旅游业,,
611,5,工业,C78,仪器仪表及文化、办公用机械制造业,,
612,5,工业,C67,有色金属冶炼及压延加工业,,
613,6,商业,K32,旅馆业,,
615,5,工业,C47,化学纤维制造业,,
616,3,房地产,J01,房地产开发与经营业,,
617,5,工业,C71,普通机械制造业,,
618,5,工业,C43,化学原料及化学制品制造业,,
619,5,工业,C49,塑料制造业,,
620,5,工业,C41,石油加工及炼焦业,,
621,2,公用事业,G87,计算机应用服务业,,
622,5,工业,C73,专用设备制造业,,
623,5,工业,C81,医药制造业,,
625,5,工业,C75,交通运输设备制造业,,
626,4,综合,M,综合类,,
627,5,工业,C43,化学原料及化学制品制造业,,
628,3,房地产,J01,房地产开发与经营业,,
629,5,工业,C65,黑色金属冶炼及压延加工业,,
630,5,工业,C67,有色金属冶炼及压延加工业,,
631,5,工业,C75,交通运输设备制造业,,
632,4,综合,M,综合类,,
633,4,综合,M,综合类,,
635,5,工业,C43,化学原料及化学制品制造业,,
636,5,工业,C51,电子元器件制造业,,
637,5,工业,C41,石油加工及炼焦业,,
638,4,综合,M,综合类,,
639,5,工业,C69,金属制品业,,
650,5,工业,C47,化学纤维制造业,,
651,5,工业,C76,电器机械及器材制造业,,
652,2,公用事业,F11,交通运输辅助业,,
653,6,商业,H21,商业经纪与代理业,,
655,5,工业,C61,非金属矿物制品业,,
656,5,工业,C65,黑色金属冶炼及压延加工业,,
657,5,工业,C67,有色金属冶炼及压延加工业,,
658,4,综合,M,综合类,,
659,5,工业,C49,塑料制造业,,
660,4,综合,M,综合类,,
661,5,工业,C85,生物制品业,,
662,4,综合,M,综合类,,
663,4,综合,A03,林业,,
665,5,工业,C49,塑料制造业,,
666,5,工业,C73,专用设备制造业,,
667,3,房地产,J01,房地产开发与经营业,,
668,6,商业,H11,零售业,,
669,5,工业,G81,通信及相关设备制造业,,
670,6,商业,H11,零售业,,
671,4,综合,M,综合类,,
672,4,综合,M,综合类,,
673,5,工业,C61,非金属矿物制品业,,
675,5,工业,C43,化学原料及化学制品制造业,,
676,5,工业,C78,仪器仪表及文化、办公用机械制造业,,
677,5,工业,C47,化学纤维制造业,,
678,5,工业,C75,交通运输设备制造业,,
679,6,商业,H11,零售业,,
680,5,工业,C73,专用设备制造业,,
681,5,工业,C13,服装及其他纤维制品制造业,,
682,2,公用事业,G87,计算机应用服务业,,
683,5,工业,C43,化学原料及化学制品制造业,,
685,2,公用事业,K01,公共设施服务业,,
686,4,综合,M,综合类,,
687,5,工业,C47,化学纤维制造业,,
688,2,公用事业,G87,计算机应用服务业,,
689,5,工业,C67,有色金属冶炼及压延加工业,,
690,5,工业,D,电力、煤气及水的生产和供应业,,
691,4,综合,M,综合类,,
692,5,工业,D01,电力、蒸汽、热水的生产和供应业,,
693,2,公用事业,L20,信息传播服务业,,
695,5,工业,C43,化学原料及化学制品制造业,,
697,5,工业,C51,电子元器件制造业,,
698,5,工业,C43,化学原料及化学制品制造业,,
699,5,工业,C31,造纸及纸制品业,,
700,5,工业,C75,交通运输设备制造业,,
701,4,综合,M,综合类,,
702,5,工业,C01,食品加工业,,
703,5,工业,G81,通信及相关设备制造业,,
705,6,商业,H01,食品、饮料、烟草和家庭用品批发业,,
707,5,工业,C43,化学原料及化学制品制造业,,
708,5,工业,C65,黑色金属冶炼及压延加工业,,
709,5,工业,C65,黑色金属冶炼及压延加工业,,
710,5,工业,C75,交通运输设备制造业,,
711,2,公用事业,K34,旅游业,,
712,5,工业,C11,纺织业,,
713,4,综合,A01,农业,,
715,6,商业,H11,零售业,,
716,4,综合,M,综合类,,
717,5,工业,C65,黑色金属冶炼及压延加工业,,
718,5,工业,C31,造纸及纸制品业,,
719,5,工业,C43,化学原料及化学制品制造业,,
720,5,工业,D01,电力、蒸汽、热水的生产和供应业,,
721,6,商业,K30,餐饮业,,
722,4,综合,M,综合类,,
723,5,工业,C76,电器机械及器材制造业,,
725,5,工业,C51,电子元器件制造业,,
726,5,工业,C11,纺织业,,
727,5,工业,C76,电器机械及器材制造业,,
728,5,工业,C43,化学原料及化学制品制造业,,
729,5,工业,C05,饮料制造业,,
730,3,房地产,E01,土木工程建筑业,,
731,5,工业,C43,化学原料及化学制品制造业,,
732,5,工业,C43,化学原料及化学制品制造业,,
733,5,工业,C51,电子元器件制造业,,
735,4,综合,A05,畜牧业,,
736,5,工业,C73,专用设备制造业,,
737,5,工业,C43,化学原料及化学制品制造业,,
738,5,工业,C75,交通运输设备制造业,,
739,5,工业,C81,医药制造业,,
748,5,工业,G83,计算机及相关设备制造业,,
750,5,工业,C81,医药制造业,,
751,5,工业,C67,有色金属冶炼及压延加工业,,
752,5,工业,C05,饮料制造业,,
753,2,公用事业,F11,交通运输辅助业,,
755,5,工业,C43,化学原料及化学制品制造业,,
756,5,工业,C81,医药制造业,,
757,5,工业,C71,普通机械制造业,,
758,3,房地产,E01,土木工程建筑业,,
759,6,商业,H11,零售业,,
760,5,工业,C75,交通运输设备制造业,,
761,5,工业,C65,黑色金属冶炼及压延加工业,,
762,5,工业,B05,黑色金属矿采选业,,
763,5,工业,C41,石油加工及炼焦业,,
765,6,商业,H11,零售业,,
766,5,工业,C81,医药制造业,,
767,5,工业,D01,电力、蒸汽、热水的生产和供应业,,
768,5,工业,C75,交通运输设备制造业,,
769,4,综合,A09,农、林、牧、渔服务业,,
776,2,公用事业,F11,交通运输辅助业,,
777,5,工业,C71,普通机械制造业,,
778,5,工业,C69,金属制品业,,
779,5,工业,C11,纺织业,,
780,5,工业,C01,食品加工业,,
782,5,工业,C47,化学纤维制造业,,
783,5,工业,C41,石油加工及炼焦业,,
785,6,商业,H11,零售业,,
786,5,工业,C61,非金属矿物制品业,,
787,2,公用事业,G87,计算机应用服务业,,
788,5,工业,C81,医药制造业,,
789,5,工业,C61,非金属矿物制品业,,
790,5,工业,C81,医药制造业,,
791,5,工业,C43,化学原料及化学制品制造业,,
792,5,工业,C43,化学原料及化学制品制造业,,
793,4,综合,M,综合类,,
795,5,工业,C61,非金属矿物制品业,,
796,6,商业,H11,零售业,,
797,3,房地产,E01,土木工程建筑业,,
798,4,综合,A07,渔业,,
799,5,工业,C05,饮料制造业,,
800,5,工业,C75,交通运输设备制造业,,
801,5,工业,C55,日用电子器具制造业,,
802,2,公用事业,K34,旅游业,,
803,5,工业,C11,纺织业,,
805,2,公用事业,G87,计算机应用服务业,,
806,5,工业,C76,电器机械及器材制造业,,
807,5,工业,C67,有色金属冶炼及压延加工业,,
809,5,工业,C11,纺织业,,
810,5,工业,C11,纺织业,,
811,5,工业,C71,普通机械制造业,,
812,5,工业,C35,印刷业,,
813,5,工业,C11,纺织业,,
815,5,工业,C31,造纸及纸制品业,,
816,5,工业,C71,普通机械制造业,,
817,5,工业,B03,石油和天然气开采业,,
818,5,工业,C43,化学原料及化学制品制造业,,
819,5,工业,C41,石油加工及炼焦业,,
820,5,工业,C31,造纸及纸制品业,,
821,5,工业,C73,专用设备制造业,,
822,5,工业,C43,化学原料及化学制品制造业,,
823,5,工业,C51,电子元器件制造业,,
825,5,工业,C65,黑色金属冶炼及压延加工业,,
826,5,工业,C43,化学原料及化学制品制造业,,
827,5,工业,C61,非金属矿物制品业,,
828,2,公用事业,F11,交通运输辅助业,,
829,4,综合,A01,农业,,
830,5,工业,C43,化学原料及化学制品制造业,,
831,5,工业,C67,有色金属冶炼及压延加工业,,
832,5,工业,C47,化学纤维制造业,,
833,5,工业,C01,食品加工业,,
835,4,综合,M,综合类,,
836,2,公用事业,G87,计算机应用服务业,,
837,5,工业,C71,普通机械制造业,,
838,5,工业,C73,专用设备制造业,,
839,2,公用事业,G85,通信服务业,,
848,5,工业,C05,饮料制造业,,
850,5,工业,C11,纺织业,,
851,5,工业,C61,非金属矿物制品业,,
852,5,工业,C73,专用设备制造业,,
856,5,工业,C61,非金属矿物制品业,,
858,5,工业,C01,食品加工业,,
859,5,工业,C49,塑料制造业,,
860,4,综合,A01,农业,,
861,5,工业,C61,非金属矿物制品业,,
862,5,工业,C78,仪器仪表及文化、办公用机械制造业,,
863,2,公用事业,G87,计算机应用服务业,,
866,5,工业,C41,石油加工及炼焦业,,
868,5,工业,C75,交通运输设备制造业,,
869,5,工业,C05,饮料制造业,,
875,5,工业,D01,电力、蒸汽、热水的生产和供应业,,
876,5,工业,C01,食品加工业,,
877,5,工业,C61,非金属矿物制品业,,
878,5,工业,C67,有色金属冶炼及压延加工业,,
880,5,工业,C75,交通运输设备制造业,,
881,4,综合,M,综合类,,
882,6,商业,H01,食品、饮料、烟草和家庭用品批发业,,
883,5,工业,C75,交通运输设备制造业,,
885,5,工业,C01,食品加工业,,
886,2,公用事业,F11,交通运输辅助业,,
887,5,工业,C75,交通运输设备制造业,,
888,2,公用事业,K34,旅游业,,
889,3,房地产,J01,房地产开发与经营业,,
890,5,工业,C69,金属制品业,,
892,2,公用事业,G85,通信服务业,,
893,5,工业,C76,电器机械及器材制造业,,
895,5,工业,C01,食品加工业,,
897,2,公用事业,K01,公共设施服务业,,
898,5,工业,C65,黑色金属冶炼及压延加工业,,
899,5,工业,D01,电力、蒸汽、热水的生产和供应业,,
900,2,公用事业,F11,交通运输辅助业,,
901,5,工业,C78,仪器仪表及文化、办公用机械制造业,,
902,5,工业,C13,服装及其他纤维制品制造业,,
903,5,工业,C71,普通机械制造业,,
905,2,公用事业,F11,交通运输辅助业,,
906,6,商业,H03,能源、材料和机械电子设备批发业,,
908,5,工业,C71,普通机械制造业,,
909,5,工业,G81,通信及相关设备制造业,,
910,5,工业,C31,造纸及纸制品业,,
911,5,工业,C01,食品加工业,,
912,5,工业,C43,化学原料及化学制品制造业,,
913,5,工业,C75,交通运输设备制造业,,
915,4,综合,M,综合类,,
916,2,公用事业,F11,交通运输辅助业,,
917,2,公用事业,L10,广播电影电视业,,
918,4,综合,A09,农、林、牧、渔服务业,,
919,5,工业,C81,医药制造业,,
920,5,工业,C75,交通运输设备制造业,,
921,5,工业,C76,电器机械及器材制造业,,
922,5,工业,C76,电器机械及器材制造业,,
923,5,工业,C73,专用设备制造业,,
925,5,工业,C99,其他制造业,,
926,5,工业,C69,金属制品业,,
927,5,工业,C75,交通运输设备制造业,,
928,5,工业,C61,非金属矿物制品业,,
929,5,工业,C05,饮料制造业,,
930,5,工业,C03,食品制造业,,
931,2,公用事业,K01,公共设施服务业,,
932,5,工业,C65,黑色金属冶炼及压延加工业,,
933,5,工业,B01,煤炭采选业,,
935,5,工业,C61,非金属矿物制品业,,
936,5,工业,C47,化学纤维制造业,,
937,5,工业,B01,煤炭采选业,,
938,2,公用事业,G87,计算机应用服务业,,
939,5,工业,D01,电力、蒸汽、热水的生产和供应业,,
948,2,公用事业,G87,计算机应用服务业,,
949,5,工业,C47,化学纤维制造业,,
950,5,工业,C43,化学原料及化学制品制造业,,
951,5,工业,C7,机械、设备、仪表,,
952,5,工业,C81,医药制造业,,
953,5,工业,C43,化学原料及化学制品制造业,,
955,5,工业,C99,其他制造业,,
956,5,工业,B03,石油和天然气开采业,,
957,5,工业,C75,交通运输设备制造业,,
958,5,工业,D01,电力、蒸汽、热水的生产和供应业,,
959,5,工业,C65,黑色金属冶炼及压延加工业,,
960,5,工业,C67,有色金属冶炼及压延加工业,,
961,5,工业,C65,黑色金属冶炼及压延加工业,,
962,5,工业,C67,有色金属冶炼及压延加工业,,
963,5,工业,C81,医药制造业,,
965,5,工业,C61,非金属矿物制品业,,
966,5,工业,D01,电力、蒸汽、热水的生产和供应业,,
967,5,工业,C71,普通机械制造业,,
968,5,工业,B01,煤炭采选业,,
969,5,工业,C99,其他制造业,,
970,5,工业,C67,有色金属冶炼及压延加工业,,
971,5,工业,C11,纺织业,,
972,4,综合,A01,农业,,
973,5,工业,C49,塑料制造业,,
975,2,公用事业,K01,公共设施服务业,,
976,5,工业,C11,纺织业,,
977,5,工业,G83,计算机及相关设备制造业,,
978,2,公用事业,K34,旅游业,,
979,5,工业,C43,化学原料及化学制品制造业,,
980,5,工业,C78,仪器仪表及文化、办公用机械制造业,,
981,5,工业,G81,通信及相关设备制造业,,
982,5,工业,C11,纺织业,,
983,5,工业,B01,煤炭采选业,,
985,5,工业,C43,化学原料及化学制品制造业,,
987,6,商业,H11,零售业,,
988,5,工业,C57,其他电子设备制造业,,
989,5,工业,C81,医药制造业,,
990,5,工业,C85,生物制品业,,
993,5,工业,D01,电力、蒸汽、热水的生产和供应业,,
995,5,工业,C05,饮料制造业,,
996,2,公用事业,F11,交通运输辅助业,,
997,2,公用事业,G87,计算机应用服务业,,
998,4,综合,A01,农业,,
999,5,工业,C81,医药制造业,,
1696,5,工业,C75,交通运输设备制造业,,
1896,5,工业,D01,电力、蒸汽、热水的生产和供应业,,
1979,3,房地产,K70,房地产业,,
2001,5,工业,C43,化学原料及化学制品制造业,,
2002,5,工业,C49,塑料制造业,,
2003,5,工业,C99,其他制造业,,
2004,5,工业,C81,医药制造业,,
2005,5,工业,C76,电器机械及器材制造业,,
2006,5,工业,C73,专用设备制造业,,
2007,5,工业,C85,生物制品业,,
2008,5,工业,C57,其他电子设备制造业,,
2009,5,工业,C73,专用设备制造业,,
2010,5,工业,C43,化学原料及化学制品制造业,,
2011,5,工业,C71,普通机械制造业,,
2012,5,工业,C31,造纸及纸制品业,,
2013,5,工业,C75,交通运输设备制造业,,
2014,5,工业,C49,塑料制造业,,
2015,5,工业,C11,纺织业,,
2016,5,工业,C73,专用设备制造业,,
2017,5,工业,C99,其他制造业,,
2018,5,工业,C43,化学原料及化学制品制造业,,
2019,5,工业,C43,化学原料及化学制品制造业,,
2020,5,工业,C81,医药制造业,,
2021,5,工业,C73,专用设备制造业,,
2022,5,工业,C85,生物制品业,,
2023,2,公用事业,F11,交通运输辅助业,,
2024,6,商业,H11,零售业,,
2025,5,工业,C51,电子元器件制造业,,
2026,5,工业,C69,金属制品业,,
2027,5,工业,G83,计算机及相关设备制造业,,
2028,5,工业,C76,电器机械及器材制造业,,
2029,5,工业,C13,服装及其他纤维制品制造业,,
2030,5,工业,C85,生物制品业,,
2031,5,工业,C73,专用设备制造业,,
2032,5,工业,C69,金属制品业,,
2033,2,公用事业,K34,旅游业,,
2034,5,工业,C11,纺织业,,
2035,5,工业,C69,金属制品业,,
2036,5,工业,C11,纺织业,,
2037,5,工业,C43,化学原料及化学制品制造业,,
2038,5,工业,C85,生物制品业,,
2039,5,工业,D01,电力、蒸汽、热水的生产和供应业,,
2040,2,公用事业,F11,交通运输辅助业,,
2041,4,综合,A01,农业,,
2042,5,工业,C11,纺织业,,
2043,5,工业,C21,木材加工及竹、藤、棕、草制品业,,
2044,5,工业,C13,服装及其他纤维制品制造业,,
2045,5,工业,C51,电子元器件制造业,,
2046,5,工业,C71,普通机械制造业,,
2047,5,工业,C69,金属制品业,,
2048,5,工业,C7,机械、设备、仪表,,
2049,5,工业,C51,电子元器件制造业,,
2050,5,工业,C71,普通机械制造业,,
2051,3,房地产,E,建筑业,,
2052,5,工业,G81,通信及相关设备制造业,,
2053,5,工业,C01,食品加工业,,
2054,5,工业,C43,化学原料及化学制品制造业,,
2055,5,工业,C51,电子元器件制造业,,
2056,5,工业,C51,电子元器件制造业,,
2057,5,工业,C51,电子元器件制造业,,
2058,5,工业,C78,仪器仪表及文化、办公用机械制造业,,
2059,2,公用事业,K34,旅游业,,
2060,3,房地产,E01,土木工程建筑业,,
2061,5,工业,C43,化学原料及化学制品制造业,,
2062,3,房地产,E01,土木工程建筑业,,
2063,2,公用事业,G87,计算机应用服务业,,
2064,5,工业,C47,化学纤维制造业,,
2065,2,公用事业,G87,计算机应用服务业,,
2066,5,工业,C61,非金属矿物制品业,,
2067,5,工业,C31,造纸及纸制品业,,
2068,5,工业,C43,化学原料及化学制品制造业,,
2069,4,综合,A07,渔业,,
2070,5,工业,C11,纺织业,,
2071,5,工业,C69,金属制品业,,
2072,5,工业,C11,纺织业,,
2073,5,工业,C73,专用设备制造业,,
2074,5,工业,C76,电器机械及器材制造业,,
2075,5,工业,C67,有色金属冶炼及压延加工业,,
2076,5,工业,C55,日用电子器具制造业,,
2077,3,房地产,E01,土木工程建筑业,,
2078,5,工业,C31,造纸及纸制品业,,
2079,5,工业,C51,电子元器件制造业,,
2080,5,工业,C47,化学纤维制造业,,
2081,4,综合,E05,装修装饰业,,
2082,5,工业,C69,金属制品业,,
2083,5,工业,C11,纺织业,,
2084,5,工业,C69,金属制品业,,
2085,5,工业,C75,交通运输设备制造业,,
2086,4,综合,A07,渔业,,
2087,5,工业,C11,纺织业,,
2088,5,工业,C61,非金属矿物制品业,,
2089,5,工业,G81,通信及相关设备制造业,,
2090,2,公用事业,G87,计算机应用服务业,,
2091,6,商业,H21,商业经纪与代理业,,
2092,5,工业,C43,化学原料及化学制品制造业,,
2093,2,公用事业,G85,通信服务业,,
2094,5,工业,C99,其他制造业,,
2095,2,公用事业,G87,计算机应用服务业,,
2096,5,工业,C43,化学原料及化学制品制造业,,
2097,5,工业,C73,专用设备制造业,,
2098,5,工业,C99,其他制造业,,
2099,5,工业,C81,医药制造业,,
2100,5,工业,C01,食品加工业,,
2101,5,工业,C71,普通机械制造业,,
2102,5,工业,C61,非金属矿物制品业,,
2103,5,工业,C37,文教体育用品制造业,,
2104,5,工业,C99,其他制造业,,
2105,5,工业,C37,文教体育用品制造业,,
2106,5,工业,C51,电子元器件制造业,,
2107,5,工业,C81,医药制造业,,
2108,5,工业,C49,塑料制造业,,
2109,5,工业,C43,化学原料及化学制品制造业,,
2110,5,工业,C65,黑色金属冶炼及压延加工业,,
2111,5,工业,C73,专用设备制造业,,
2112,5,工业,C76,电器机械及器材制造业,,
2113,5,工业,C43,化学原料及化学制品制造业,,
2114,5,工业,C67,有色金属冶炼及压延加工业,,
2115,5,工业,G81,通信及相关设备制造业,,
2116,2,公用事业,K20,专业、科研服务业,,
2117,5,工业,C35,印刷业,,
2118,5,工业,C81,医药制造业,,
2119,5,工业,C51,电子元器件制造业,,
2120,5,工业,C99,其他制造业,,
2121,5,工业,C76,电器机械及器材制造业,,
2122,5,工业,C71,普通机械制造业,,
2123,5,工业,C73,专用设备制造业,,
2124,5,工业,C01,食品加工业,,
2125,5,工业,C43,化学原料及化学制品制造业,,
2126,5,工业,C75,交通运输设备制造业,,
2127,5,工业,C11,纺织业,,
2128,5,工业,B01,煤炭采选业,,
2129,5,工业,C51,电子元器件制造业,,
2130,5,工业,C99,其他制造业,,
2131,5,工业,C71,普通机械制造业,,
2132,5,工业,C69,金属制品业,,
2133,3,房地产,J01,房地产开发与经营业,,
2134,5,工业,C51,电子元器件制造业,,
2135,3,房地产,E01,土木工程建筑业,,
2136,5,工业,C43,化学原料及化学制品制造业,,
2137,5,工业,C5110,电子器件制造业,,
2138,5,工业,C51,电子元器件制造业,,
2139,5,工业,C55,日用电子器具制造业,,
2140,2,公用事业,K20,专业、科研服务业,,
2141,5,工业,C51,电子元器件制造业,,
2142,1,金融,I01,银行业,,
2143,5,工业,C01,食品加工业,,
2144,5,工业,C11,纺织业,,
2145,5,工业,C43,化学原料及化学制品制造业,,
2146,3,房地产,J01,房地产开发与经营业,,
2147,5,工业,C71,普通机械制造业,,
2148,2,公用事业,G85,通信服务业,,
2149,5,工业,C67,有色金属冶炼及压延加工业,,
2150,5,工业,C69,金属制品业,,
2151,5,工业,G81,通信及相关设备制造业,,
2152,5,工业,C73,专用设备制造业,,
2153,2,公用事业,G87,计算机应用服务业,,
2154,5,工业,C13,服装及其他纤维制品制造业,,
2155,5,工业,B07,有色金属矿采选业,,
2156,5,工业,C51,电子元器件制造业,,
2157,5,工业,C01,食品加工业,,
2158,5,工业,C71,普通机械制造业,,
2159,2,公用事业,K34,旅游业,,
2160,5,工业,C67,有色金属冶炼及压延加工业,,
2161,5,工业,G81,通信及相关设备制造业,,
2162,5,工业,C61,非金属矿物制品业,,
2163,4,综合,E05,装修装饰业,,
2164,5,工业,C71,普通机械制造业,,
2165,5,工业,C43,化学原料及化学制品制造业,,
2166,5,工业,C85,生物制品业,,
2167,5,工业,C43,化学原料及化学制品制造业,,
2168,5,工业,C7610,输配电及控制设备制造业,,
2169,5,工业,C76,电器机械及器材制造业,,
2170,5,工业,C43,化学原料及化学制品制造业,,
2171,5,工业,C67,有色金属冶炼及压延加工业,,
2172,5,工业,C47,化学纤维制造业,,
2173,1,金融,C0125,水产品加工业,,
2174,5,工业,C99,其他制造业,,
2175,5,工业,C78,仪器仪表及文化、办公用机械制造业,,
2176,5,工业,C76,电器机械及器材制造业,,
2177,5,工业,C73,专用设备制造业,,
2178,2,公用事业,K20,专业、科研服务业,,
2179,5,工业,C51,电子元器件制造业,,
2180,5,工业,C76,电器机械及器材制造业,,
2181,2,公用事业,L20,信息传播服务业,,
2182,5,工业,C67,有色金属冶炼及压延加工业,,
2183,2,公用事业,K99,其他社会服务业,,
2184,2,公用事业,G87,计算机应用服务业,,
2185,5,工业,C51,电子元器件制造业,,
2186,6,商业,K30,餐饮业,,
2187,6,商业,H11,零售业,,
2188,5,工业,C51,电子元器件制造业,,
2189,5,工业,C51,电子元器件制造业,,
2190,5,工业,C73,专用设备制造业,,
2191,5,工业,C35,印刷业,,
2192,5,工业,C43,化学原料及化学制品制造业,,
2193,5,工业,C11,纺织业,,
2194,5,工业,G81,通信及相关设备制造业,,
2195,2,公用事业,G87,计算机应用服务业,,
2196,5,工业,C76,电器机械及器材制造业,,
2197,5,工业,C73,专用设备制造业,,
2198,5,工业,C81,医药制造业,,
2199,5,工业,C51,电子元器件制造业,,
2200,4,综合,A01,农业,,
2201,5,工业,C61,非金属矿物制品业,,
2202,5,工业,C76,电器机械及器材制造业,,
2203,5,工业,C67,有色金属冶炼及压延加工业,,
2204,5,工业,C71,普通机械制造业,,
2205,5,工业,C61,非金属矿物制品业,,
2206,5,工业,C47,化学纤维制造业,,
2207,2,公用事业,B50,采掘服务业,,
2208,3,房地产,J01,房地产开发与经营业,,
2209,5,工业,C73,专用设备制造业,,
2210,2,公用事业,F21,仓储业,,
2211,5,工业,C4301,基本化学原料制造业,,
2212,5,工业,C76,电器机械及器材制造业,,
2213,5,工业,C7505,汽车制造业,,
2214,5,工业,C57,其他电子设备制造业,,
2215,5,工业,C43,化学原料及化学制品制造业,,
2216,5,工业,C03,食品制造业,,
2217,5,工业,C43,化学原料及化学制品制造业,,
2218,5,工业,C51,电子元器件制造业,,
2219,5,工业,C81,医药制造业,,
2220,5,工业,C01,食品加工业,,
2221,6,商业,H03,能源、材料和机械电子设备批发业,,
2222,5,工业,C51,电子元器件制造业,,
2223,5,工业,C73,专用设备制造业,,
2224,5,工业,C48,橡胶制造业,,
2225,5,工业,C61,非金属矿物制品业,,
2226,5,工业,C43,化学原料及化学制品制造业,,
2227,5,工业,C76,电器机械及器材制造业,,
2228,5,工业,C31,造纸及纸制品业,,
2229,5,工业,C35,印刷业,,
2230,2,公用事业,G87,计算机应用服务业,,
2231,5,工业,G81,通信及相关设备制造业,,
2232,2,公用事业,G87,计算机应用服务业,,
2233,5,工业,C61,非金属矿物制品业,,
2234,4,综合,A05,畜牧业,,
2235,5,工业,C31,造纸及纸制品业,,
2236,5,工业,C57,其他电子设备制造业,,
2237,5,工业,C67,有色金属冶炼及压延加工业,,
2238,2,公用事业,L10,广播电影电视业,,
2239,5,工业,C13,服装及其他纤维制品制造业,,
2240,5,工业,C21,木材加工及竹、藤、棕、草制品业,,
2241,5,工业,C51,电子元器件制造业,,
2242,5,工业,C76,电器机械及器材制造业,,
2243,5,工业,C49,塑料制造业,,
2244,3,房地产,J01,房地产开发与经营业,,
2245,2,公用事业,K99,其他社会服务业,,
2246,5,工业,C43,化学原料及化学制品制造业,,
2247,5,工业,C99,其他制造业,,
2248,5,工业,C71,普通机械制造业,,
2249,5,工业,C7601,电机制造业,,
2250,5,工业,C43,化学原料及化学制品制造业,,
2251,6,商业,H11,零售业,,
2252,5,工业,C85,生物制品业,,
2253,2,公用事业,G87,计算机应用服务业,,
2254,5,工业,C47,化学纤维制造业,,
2255,5,工业,C71,普通机械制造业,,
2256,5,工业,C43,化学原料及化学制品制造业,,
2258,5,工业,C43,化学原料及化学制品制造业,,
2259,5,工业,C21,木材加工及竹、藤、棕、草制品业,,
2260,5,工业,C76,电器机械及器材制造业,,
2261,2,公用事业,G85,通信服务业,,
2262,6,商业,H0160,药品及医疗器械批发业,,
2263,5,工业,C49,塑料制造业,,
2264,6,商业,H11,零售业,,
2265,5,工业,C71,普通机械制造业,,
2266,5,工业,C76,电器机械及器材制造业,,
2267,5,工业,D03,煤气生产和供应业,,
2268,2,公用事业,G87,计算机应用服务业,,
2269,6,商业,H1120,纺织品、服装、鞋帽零售业,,
2270,5,工业,C7105,金属加工机械制造业,,
2271,5,工业,C61,非金属矿物制品业,,
2272,5,工业,C73,专用设备制造业,,
2273,5,工业,C51,电子元器件制造业,,
2274,5,工业,C43,化学原料及化学制品制造业,,
2275,5,工业,C81,医药制造业,,
2276,5,工业,C76,电器机械及器材制造业,,
2277,6,商业,H11,零售业,,
2278,5,工业,C7350,其他专用设备制造业,,
2279,2,公用事业,G87,计算机应用服务业,,
2280,2,公用事业,G87,计算机应用服务业,,
2281,5,工业,G8101,通信设备制造业,,
2282,5,工业,C99,其他制造业,,
2283,5,工业,C75,交通运输设备制造业,,
2284,5,工业,C75,交通运输设备制造业,,
2285,3,房地产,J09,房地产中介服务业,,
2286,5,工业,C03,食品制造业,,
2287,5,工业,C81,医药制造业,,
2288,5,工业,C51,电子元器件制造业,,
2289,5,工业,C51,电子元器件制造业,,
2290,5,工业,C99,其他制造业,,
2291,5,工业,C13,服装及其他纤维制品制造业,,
2292,5,工业,C37,文教体育用品制造业,,
2293,5,工业,C11,纺织业,,
2294,5,工业,C81,医药制造业,,
2295,5,工业,C6760,有色金属压延加工业,,
2296,2,公用事业,G87,计算机应用服务业,,
2297,5,工业,C61,非金属矿物制品业,,
2298,5,工业,C7610,输配电及控制设备制造业,,
2299,4,综合,A05,畜牧业,,
2300,5,工业,C7610,输配电及控制设备制造业,,
2301,5,工业,C37,文教体育用品制造业,,
2302,5,工业,C61,非金属矿物制品业,,
2303,5,工业,C31,造纸及纸制品业,,
2304,5,工业,C05,饮料制造业,,
2305,3,房地产,J05,房地产管理业,,
2306,6,商业,K30,餐饮业,,
2307,3,房地产,E01,土木工程建筑业,,
2308,5,工业,G83,计算机及相关设备制造业,,
2309,5,工业,C76,电器机械及器材制造业,,
2310,4,综合,A03,林业,,
2311,5,工业,C0101,粮食及饲料加工业,,
2312,5,工业,G83,计算机及相关设备制造业,,
2313,5,工业,G81,通信及相关设备制造业,,
2314,5,工业,C69,金属制品业,,
2315,2,公用事业,G87,计算机应用服务业,,
2316,2,公用事业,G85,通信服务业,,
2317,5,工业,C81,医药制造业,,
2318,5,工业,C69,金属制品业,,
2319,5,工业,C43,化学原料及化学制品制造业,,
2320,2,公用事业,F0705,沿海运输业,,
2321,4,综合,A05,畜牧业,,
2322,5,工业,C76,电器机械及器材制造业,,
2323,5,工业,C73,专用设备制造业,,
2324,5,工业,C43,化学原料及化学制品制造业,,
2325,4,综合,E05,装修装饰业,,
2326,5,工业,C43,化学原料及化学制品制造业,,
2327,5,工业,C11,纺织业,,
2328,5,工业,C69,金属制品业,,
2329,5,工业,C03,食品制造业,,
2330,5,工业,C01,食品加工业,,
2331,2,公用事业,G87,计算机应用服务业,,
2332,5,工业,C81,医药制造业,,
2333,5,工业,C67,有色金属冶炼及压延加工业,,
2334,5,工业,C76,电器机械及器材制造业,,
2335,5,工业,C76,电器机械及器材制造业,,
2336,6,商业,H11,零售业,,
2337,5,工业,C73,专用设备制造业,,
2338,5,工业,C78,仪器仪表及文化、办公用机械制造业,,
2339,2,公用事业,G87,计算机应用服务业,,
2340,5,工业,B07,有色金属矿采选业,,
2341,5,工业,C43,化学原料及化学制品制造业,,
2342,5,工业,C99,其他制造业,,
2343,5,工业,C4915,泡沫塑料及人造革、合成革制造业,,
2344,4,综合,M,综合类,,
2345,5,工业,C99,其他制造业,,
2346,5,工业,C61,非金属矿物制品业,,
2347,5,工业,C71,普通机械制造业,,
2348,5,工业,C37,文教体育用品制造业,,
2349,5,工业,C81,医药制造业,,
2350,5,工业,C76,电器机械及器材制造业,,
2351,5,工业,C51,电子元器件制造业,,
2352,5,工业,C6935,金属表面处理及热处理业,,
2353,2,公用事业,B50,采掘服务业,,
2354,5,工业,C21,木材加工及竹、藤、棕、草制品业,,
2355,5,工业,C75,交通运输设备制造业,,
2356,5,工业,C78,仪器仪表及文化、办公用机械制造业,,
2357,2,公用事业,F03,公路运输业,,
2358,5,工业,C76,电器机械及器材制造业,,
2359,5,工业,C69,金属制品业,,
2360,5,工业,C43,化学原料及化学制品制造业,,
2361,5,工业,C43,化学原料及化学制品制造业,,
2362,2,公用事业,G87,计算机应用服务业,,
2363,5,工业,C75,交通运输设备制造业,,
2364,5,工业,C76,电器机械及器材制造业,,
2365,5,工业,C81,医药制造业,,
2366,5,工业,C71,普通机械制造业,,
2367,5,工业,C75,交通运输设备制造业,,
2368,2,公用事业,G87,计算机应用服务业,,
2369,5,工业,C55,日用电子器具制造业,,
2370,5,工业,C8105,化学药品制剂制造业,,
2371,5,工业,C57,其他电子设备制造业,,
2372,5,工业,C49,塑料制造业,,
2373,2,公用事业,G87,计算机应用服务业,,
2374,5,工业,C69,金属制品业,,
2375,4,综合,E05,装修装饰业,,
2376,5,工业,G83,计算机及相关设备制造业,,
2377,5,工业,C41,石油加工及炼焦业,,
2378,5,工业,C67,有色金属冶炼及压延加工业,,
2379,5,工业,C67,有色金属冶炼及压延加工业,,
2380,5,工业,C76,电器机械及器材制造业,,
2381,5,工业,C48,橡胶制造业,,
2382,5,工业,C49,塑料制造业,,
2383,5,工业,G81,通信及相关设备制造业,,
2384,5,工业,C6901,金属结构制造业,,
2385,5,工业,C01,食品加工业,,
2386,5,工业,C43,化学原料及化学制品制造业,,
2387,5,工业,C05,饮料制造业,,
2388,5,工业,C57,其他电子设备制造业,,
2389,5,工业,C5115,电子元件制造业,,
2390,5,工业,C81,医药制造业,,
2391,5,工业,C43,化学原料及化学制品制造业,,
2392,5,工业,C61,非金属矿物制品业,,
2393,5,工业,C81,医药制造业,,
2394,5,工业,C11,纺织业,,
2395,5,工业,C49,塑料制造业,,
2396,5,工业,G8101,通信设备制造业,,
2397,5,工业,C11,纺织业,,
2398,5,工业,C99,其他制造业,,
2399,5,工业,C81,医药制造业,,
2400,2,公用事业,K2005,广告业,,
2401,2,公用事业,G87,计算机应用服务业,,
2402,5,工业,C51,电子元器件制造业,,
2403,5,工业,C69,金属制品业,,
2404,5,工业,C11,纺织业,,
2405,2,公用事业,G87,计算机应用服务业,,
2406,5,工业,C75,交通运输设备制造业,,
2407,5,工业,C43,化学原料及化学制品制造业,,
2408,5,工业,C43,化学原料及化学制品制造业,,
2409,5,工业,C43,化学原料及化学制品制造业,,
2410,2,公用事业,G87,计算机应用服务业,,
2411,5,工业,C43,化学原料及化学制品制造业,,
2412,5,工业,C81,医药制造业,,
2413,5,工业,C71,普通机械制造业,,
2414,5,工业,C57,其他电子设备制造业,,
2415,5,工业,C57,其他电子设备制造业,,
2416,2,公用事业,G8599,其他通信服务业,,
2417,5,工业,G8101,通信设备制造业,,
2418,5,工业,C7105,金属加工机械制造业,,
2419,6,商业,H11,零售业,,
2420,5,工业,C49,塑料制造业,,
2421,2,公用事业,G87,计算机应用服务业,,
2422,5,工业,C81,医药制造业,,
2423,5,工业,C73,专用设备制造业,,
2424,5,工业,C81,医药制造业,,
2425,5,工业,C13,服装及其他纤维制品制造业,,
2426,5,工业,C55,日用电子器具制造业,,
2427,5,工业,C47,化学纤维制造业,,
2428,5,工业,C67,有色金属冶炼及压延加工业,,
2429,5,工业,C55,日用电子器具制造业,,
2430,5,工业,C71,普通机械制造业,,
2431,3,房地产,E01,土木工程建筑业,,
2432,5,工业,C7340,医疗器械制造业,,
2433,5,工业,C8110,中药材及中成药加工业,,
2434,5,工业,C75,交通运输设备制造业,,
2435,5,工业,C6901,金属结构制造业,,
2436,5,工业,C51,电子元器件制造业,,
2437,5,工业,C81,医药制造业,,
2438,5,工业,C71,普通机械制造业,,
2439,2,公用事业,G87,计算机应用服务业,,
2440,5,工业,C43,化学原料及化学制品制造业,,
2441,6,商业,H03,能源、材料和机械电子设备批发业,,
2442,5,工业,C43,化学原料及化学制品制造业,,
2443,5,工业,C69,金属制品业,,
2444,5,工业,C69,金属制品业,,
2445,5,工业,C71,普通机械制造业,,
2446,5,工业,G81,通信及相关设备制造业,,
2447,4,综合,A07,渔业,,
2448,5,工业,C75,交通运输设备制造业,,
2449,5,工业,C51,电子元器件制造业,,
2450,5,工业,C43,化学原料及化学制品制造业,,
2451,5,工业,C76,电器机械及器材制造业,,
2452,5,工业,C7610,输配电及控制设备制造业,,
2453,5,工业,C43,化学原料及化学制品制造业,,
2454,5,工业,C75,交通运输设备制造业,,
2455,5,工业,C43,化学原料及化学制品制造业,,
2456,5,工业,C51,电子元器件制造业,,
2457,5,工业,C6105,水泥制品和石棉水泥制品业,,
2458,4,综合,A05,畜牧业,,
2459,5,工业,C73,专用设备制造业,,
2460,5,工业,C67,有色金属冶炼及压延加工业,,
2461,5,工业,C05,饮料制造业,,
2462,6,商业,H0160,药品及医疗器械批发业,,
2463,5,工业,C51,电子元器件制造业,,
2464,5,工业,C49,塑料制造业,,
2465,5,工业,G81,通信及相关设备制造业,,
2466,5,工业,C43,化学原料及化学制品制造业,,
2467,2,公用事业,G85,通信服务业,,
2468,5,工业,C69,金属制品业,,
2469,2,公用事业,K20,专业、科研服务业,,
2470,5,工业,C4310,化学肥料制造业,,
2471,5,工业,C76,电器机械及器材制造业,,
2472,5,工业,C71,普通机械制造业,,
2473,5,工业,C55,日用电子器具制造业,,
2474,2,公用事业,G87,计算机应用服务业,,
2475,5,工业,C51,电子元器件制造业,,
2476,5,工业,C43,化学原料及化学制品制造业,,
2477,4,综合,A05,畜牧业,,
2478,5,工业,C65,黑色金属冶炼及压延加工业,,
2479,5,工业,D01,电力、蒸汽、热水的生产和供应业,,
2480,5,工业,C7,机械、设备、仪表,,
2481,5,工业,C03,食品制造业,,
2482,4,综合,E05,装修装饰业,,
2483,5,工业,C73,专用设备制造业,,
2484,5,工业,C51,电子元器件制造业,,
2485,5,工业,C13,服装及其他纤维制品制造业,,
2486,5,工业,C11,纺织业,,
2487,5,工业,C69,金属制品业,,
2488,5,工业,C75,交通运输设备制造业,,
2489,5,工业,C25,家具制造业,,
2490,5,工业,C73,专用设备制造业,,
2491,5,工业,G8101,通信设备制造业,,
2492,2,公用事业,F21,仓储业,,
2493,5,工业,C47,化学纤维制造业,,
2494,5,工业,C1410,毛皮鞣制及制品业,,
2495,5,工业,C03,食品制造业,,
2496,5,工业,C43,化学原料及化学制品制造业,,
2497,5,工业,C4360,专用化学产品制造业,,
2498,5,工业,C76,电器机械及器材制造业,,
2499,5,工业,C73,专用设备制造业,,
2500,1,金融,I21,证券、期货业,,
2501,5,工业,C67,有色金属冶炼及压延加工业,,
2502,5,工业,C37,文教体育用品制造业,,
2503,6,商业,H1120,纺织品、服装、鞋帽零售业,,
2504,5,工业,C51,电子元器件制造业,,
2505,4,综合,A0501,牲畜饲养放牧业,,
2506,5,工业,C57,其他电子设备制造业,,
2507,5,工业,C03,食品制造业,,
2508,5,工业,C76,电器机械及器材制造业,,
2509,5,工业,C73,专用设备制造业,,
2510,5,工业,C75,交通运输设备制造业,,
2511,5,工业,C31,造纸及纸制品业,,
2512,5,工业,C51,电子元器件制造业,,
2513,5,工业,C4320,化学农药制造业,,
2514,5,工业,C69,金属制品业,,
2515,5,工业,C01,食品加工业,,
2516,5,工业,C11,纺织业,,
2517,5,工业,C1340,制鞋业,,
2518,5,工业,C76,电器机械及器材制造业,,
2519,5,工业,G81,通信及相关设备制造业,,
2520,5,工业,C7105,金属加工机械制造业,,
2521,5,工业,C31,造纸及纸制品业,,
2522,5,工业,C4901,塑料薄膜制造业,,
2523,5,工业,C73,专用设备制造业,,
2524,3,房地产,E01,土木工程建筑业,,
2526,5,工业,C73,专用设备制造业,,
2527,5,工业,C76,电器机械及器材制造业,,
2528,5,工业,C57,其他电子设备制造业,,
2529,5,工业,C73,专用设备制造业,,
2530,5,工业,C71,普通机械制造业,,
2531,5,工业,C7,机械、设备、仪表,,
2532,5,工业,C73,专用设备制造业,,
2533,5,工业,C76,电器机械及器材制造业,,
2534,5,工业,C7101,锅炉及原动机制造业,,
2535,5,工业,C73,专用设备制造业,,
2536,5,工业,C75,交通运输设备制造业,,
2537,5,工业,C71,普通机械制造业,,
2538,5,工业,C43,化学原料及化学制品制造业,,
2539,5,工业,C4310,化学肥料制造业,,
2540,5,工业,C65,黑色金属冶炼及压延加工业,,
2541,5,工业,C69,金属制品业,,
2542,3,房地产,E01,土木工程建筑业,,
2543,5,工业,C76,电器机械及器材制造业,,
2544,2,公用事业,G85,通信服务业,,
2545,5,工业,C69,金属制品业,,
2546,5,工业,C7610,输配电及控制设备制造业,,
2547,5,工业,C69,金属制品业,,
2548,5,工业,C01,食品加工业,,
2549,5,工业,C99,其他制造业,,
2550,5,工业,C8501,生物药品制造业,,
2551,5,工业,C7340,医疗器械制造业,,
2552,5,工业,C71,普通机械制造业,,
2553,5,工业,C71,普通机械制造业,,
2554,2,公用事业,B5003,石油和天然气开采服务业,,
2555,5,工业,C75,交通运输设备制造业,,
2556,6,商业,H11,零售业,,
2557,5,工业,C01,食品加工业,,
2558,2,公用事业,K34,旅游业,,
2559,5,工业,C71,普通机械制造业,,
2560,5,工业,C76,电器机械及器材制造业,,
2561,6,商业,H11,零售业,,
2562,5,工业,C43,化学原料及化学制品制造业,,
2563,6,商业,H11,零售业,,
2564,5,工业,C73,专用设备制造业,,
2565,5,工业,C31,造纸及纸制品业,,
2566,5,工业,C8110,中药材及中成药加工业,,
2567,5,工业,C01,食品加工业,,
2568,5,工业,C43,化学原料及化学制品制造业,,
2569,5,工业,C13,服装及其他纤维制品制造业,,
2570,5,工业,C03,食品制造业,,
2571,5,工业,C61,非金属矿物制品业,,
2572,5,工业,C25,家具制造业,,
2573,2,公用事业,K99,其他社会服务业,,
2574,5,工业,C99,其他制造业,,
2575,5,工业,C37,文教体育用品制造业,,
2576,5,工业,C7601,电机制造业,,
2577,5,工业,G83,计算机及相关设备制造业,,
2578,5,工业,C67,有色金属冶炼及压延加工业,,
2579,5,工业,C51,电子元器件制造业,,
2580,5,工业,C76,电器机械及器材制造业,,
2581,5,工业,C43,化学原料及化学制品制造业,,
2582,5,工业,C01,食品加工业,,
2583,5,工业,G81,通信及相关设备制造业,,
2584,5,工业,C43,化学原料及化学制品制造业,,
2585,5,工业,C49,塑料制造业,,
2586,3,房地产,E01,土木工程建筑业,,
2587,5,工业,C57,其他电子设备制造业,,
2588,5,工业,C43,化学原料及化学制品制造业,,
2589,6,商业,H0160,药品及医疗器械批发业,,
2590,5,工业,C75,交通运输设备制造业,,
2591,5,工业,C69,金属制品业,,
2592,5,工业,C75,交通运输设备制造业,,
2593,5,工业,C75,交通运输设备制造业,,
2594,5,工业,C99,其他制造业,,
2595,5,工业,C73,专用设备制造业,,
2596,5,工业,C61,非金属矿物制品业,,
2597,5,工业,C43,化学原料及化学制品制造业,,
2598,5,工业,C71,普通机械制造业,,
2599,5,工业,C35,印刷业,,
2600,5,工业,C51,电子元器件制造业,,
2601,5,工业,C43,化学原料及化学制品制造业,,
2602,5,工业,C75,交通运输设备制造业,,
2603,5,工业,C81,医药制造业,,
2604,5,工业,C03,食品制造业,,
2605,5,工业,C37,文教体育用品制造业,,
2606,5,工业,C76,电器机械及器材制造业,,
2607,6,商业,H11,零售业,,
2608,5,工业,C75,交通运输设备制造业,,
2609,2,公用事业,G87,计算机应用服务业,,
2610,5,工业,C99,其他制造业,,
2611,5,工业,C73,专用设备制造业,,
2612,5,工业,C13,服装及其他纤维制品制造业,,
2613,5,工业,C73,专用设备制造业,,
2614,5,工业,C76,电器机械及器材制造业,,
2615,5,工业,C69,金属制品业,,
2616,5,工业,C69,金属制品业,,
2617,5,工业,C67,有色金属冶炼及压延加工业,,
2618,5,工业,C51,电子元器件制造业,,
2619,5,工业,C61,非金属矿物制品业,,
2620,4,综合,E05,装修装饰业,,
2621,5,工业,C73,专用设备制造业,,
2622,5,工业,C76,电器机械及器材制造业,,
2623,5,工业,C61,非金属矿物制品业,,
2624,5,工业,C61,非金属矿物制品业,,
2625,5,工业,C75,交通运输设备制造业,,
2626,5,工业,C03,食品制造业,,
2627,2,公用事业,F03,公路运输业,,
2628,3,房地产,E01,土木工程建筑业,,
2629,2,公用事业,B50,采掘服务业,,
2630,5,工业,C71,普通机械制造业,,
2631,5,工业,C21,木材加工及竹、藤、棕、草制品业,,
2632,5,工业,C43,化学原料及化学制品制造业,,
2633,5,工业,C71,普通机械制造业,,
2634,5,工业,C11,纺织业,,
2635,5,工业,G83,计算机及相关设备制造业,,
2636,5,工业,C51,电子元器件制造业,,
2637,5,工业,C43,化学原料及化学制品制造业,,
2638,5,工业,C76,电器机械及器材制造业,,
2639,5,工业,C71,普通机械制造业,,
2640,6,商业,H11,零售业,,
2641,5,工业,C49,塑料制造业,,
2642,2,公用事业,G87,计算机应用服务业,,
2643,5,工业,C43,化学原料及化学制品制造业,,
2644,5,工业,C81,医药制造业,,
2645,5,工业,C73,专用设备制造业,,
2646,5,工业,C05,饮料制造业,,
2647,5,工业,C76,电器机械及器材制造业,,
2648,5,工业,C43,化学原料及化学制品制造业,,
2649,2,公用事业,G87,计算机应用服务业,,
2650,5,工业,C03,食品制造业,,
2651,5,工业,C73,专用设备制造业,,
2652,5,工业,C69,金属制品业,,
2653,5,工业,C81,医药制造业,,
2654,5,工业,C51,电子元器件制造业,,
2655,5,工业,C51,电子元器件制造业,,
2656,6,商业,H11,零售业,,
2657,2,公用事业,G87,计算机应用服务业,,
2658,5,工业,C78,仪器仪表及文化、办公用机械制造业,,
2659,3,房地产,E01,土木工程建筑业,,
2660,5,工业,C51,电子元器件制造业,,
2661,5,工业,C01,食品加工业,,
2662,5,工业,C75,交通运输设备制造业,,
2663,3,房地产,E01,土木工程建筑业,,
2664,5,工业,C76,电器机械及器材制造业,,
2665,5,工业,C76,电器机械及器材制造业,,
2666,5,工业,C43,化学原料及化学制品制造业,,
2667,5,工业,C73,专用设备制造业,,
2668,5,工业,C76,电器机械及器材制造业,,
2669,5,工业,C43,化学原料及化学制品制造业,,
2670,5,工业,C76,电器机械及器材制造业,,
2671,5,工业,C61,非金属矿物制品业,,
2672,2,公用事业,K0199,其他公共设施服务业,,
2673,1,金融,I21,证券、期货业,,
2674,5,工业,C14,皮革、毛皮、羽绒及制品制造业,,
2675,5,工业,C81,医药制造业,,
2676,5,工业,C49,塑料制造业,,
2677,5,工业,C76,电器机械及器材制造业,,
2678,5,工业,C37,文教体育用品制造业,,
2679,4,综合,A03,林业,,
2680,5,工业,C73,专用设备制造业,,
2681,5,工业,C55,日用电子器具制造业,,
2682,2,公用事业,F03,公路运输业,,
2683,2,公用事业,B50,采掘服务业,,
2684,5,工业,C76,电器机械及器材制造业,,
2685,5,工业,C71,普通机械制造业,,
2686,5,工业,C71,普通机械制造业,,
2687,5,工业,C13,服装及其他纤维制品制造业,,
2688,5,工业,C81,医药制造业,,
2689,5,工业,C73,专用设备制造业,,
2690,5,工业,C73,专用设备制造业,,
2691,5,工业,C73,专用设备制造业,,
2692,5,工业,C76,电器机械及器材制造业,,
2693,5,工业,C81,医药制造业,,
2694,5,工业,C49,塑料制造业,,
2695,5,工业,C01,食品加工业,,
2696,4,综合,A07,渔业,,
2697,6,商业,H11,零售业,,
2698,5,工业,C73,专用设备制造业,,
2699,5,工业,C37,文教体育用品制造业,,
2700,5,工业,D03,煤气生产和供应业,,
2701,5,工业,C69,金属制品业,,
2702,5,工业,C03,食品制造业,,
2703,5,工业,C75,交通运输设备制造业,,
2705,5,工业,C38,电气机械及器材制造业,,
2706,5,工业,C38,电气机械及器材制造业,,
2707,2,公用事业,L72,商务服务业,,
2708,5,工业,C34,通用设备制造业,,
2709,5,工业,C26,化学原料及化学制品制造业,,
2711,2,公用事业,G59,仓储业,,
2712,2,公用事业,L72,商务服务业,,
2713,4,综合,E50,建筑装饰和其他建筑业,,
2714,4,综合,A03,畜牧业,,
2715,5,工业,C36,汽车制造业,,
2716,5,工业,C32,有色金属冶炼及压延加工业,,
2717,3,房地产,E48,土木工程建筑业,,
2718,5,工业,C41,其他制造业,,
2719,5,工业,C14,食品制造业,,
2721,5,工业,C41,其他制造业,,
2722,5,工业,C35,专用设备制造业,,
2723,5,工业,C38,电气机械及器材制造业,,
2724,5,工业,C38,电气机械及器材制造业,,
2725,5,工业,C36,汽车制造业,,
2726,5,工业,C13,农副食品加工业,,
2727,6,商业,F52,零售业,,
2728,5,工业,C27,医药制造业,,
2729,5,工业,C39,计算机、通信和其他电子设备制造业,,
2730,5,工业,C35,专用设备制造业,,
2731,5,工业,C18,纺织服装、服饰业,,
2732,5,工业,C14,食品制造业,,
2733,5,工业,C38,电气机械及器材制造业,,
2734,5,工业,C26,化学原料及化学制品制造业,,
2735,5,工业,C29,橡胶和塑料制品业,,
2736,1,金融,J67,资本市场服务,,
2737,5,工业,C27,医药制造业,,
2738,2,公用事业,M74,专业技术服务业,,
2739,2,公用事业,R89,娱乐业,,
2740,5,工业,C18,纺织服装、服饰业,,
2741,5,工业,C26,化学原料及化学制品制造业,,
2742,5,工业,C30,非金属矿物制品业,,
2743,5,工业,C33,金属制品业,,
2745,5,工业,C39,计算机、通信和其他电子设备制造业,,
2746,4,综合,A03,畜牧业,,
2747,5,工业,C40,仪器仪表制造业,,
2748,5,工业,C26,化学原料及化学制品制造业,,
2749,5,工业,C26,化学原料及化学制品制造业,,
2750,5,工业,C27,医药制造业,,
2751,5,工业,C21,家具制造业,,
2752,5,工业,C33,金属制品业,,
2753,5,工业,C26,化学原料及化学制品制造业,,
2755,3,房地产,E48,土木工程建筑业,,
2756,5,工业,C31,黑色金属冶炼及压延加工业,,
2757,5,工业,C35,专用设备制造业,,
2758,6,商业,F51,批发业,,
2759,5,工业,C38,电气机械及器材制造业,,
2760,5,工业,C33,金属制品业,,
2761,5,工业,C17,纺织业,,
2762,5,工业,C18,纺织服装、服饰业,,
2763,5,工业,C18,纺织服装、服饰业,,
2765,5,工业,C36,汽车制造业,,
2766,5,工业,C39,计算机、通信和其他电子设备制造业,,
2767,5,工业,C40,仪器仪表制造业,,
2768,5,工业,C29,橡胶和塑料制品业,,
2769,2,公用事业,L72,商务服务业,,
2770,5,工业,C14,食品制造业,,
2771,2,公用事业,I65,软件和信息技术服务业,,
2772,4,综合,A01,农业,,
2773,5,工业,C27,医药制造业,,
2775,3,房地产,E48,土木工程建筑业,,
2776,2,公用事业,M74,专业技术服务业,,
2777,2,公用事业,I65,软件和信息技术服务业,,
2778,5,工业,C25,石油加工、炼焦及核燃料加工业,,
2779,5,工业,C35,专用设备制造业,,
2780,6,商业,F52,零售业,,
2781,4,综合,E50,建筑装饰和其他建筑业,,
2782,5,工业,C39,计算机、通信和其他电子设备制造业,,
2783,5,工业,C26,化学原料及化学制品制造业,,
2785,5,工业,C30,非金属矿物制品业,,
2786,5,工业,C35,专用设备制造业,,
2787,5,工业,C33,金属制品业,,
2788,6,商业,F51,批发业,,
2789,4,综合,E50,建筑装饰和其他建筑业,,
2790,5,工业,C29,橡胶和塑料制品业,,
2791,5,工业,C33,金属制品业,,
2792,5,工业,C39,计算机、通信和其他电子设备制造业,,
2793,5,工业,C34,通用设备制造业,,
2795,5,工业,C34,通用设备制造业,,
2796,5,工业,C33,金属制品业,,
2797,1,金融,J67,资本市场服务,,
2798,5,工业,C21,家具制造业,,
2799,5,工业,C22,造纸及纸制品业,,
2800,2,公用事业,G54,道路运输业,,
2801,5,工业,C38,电气机械及器材制造业,,
2802,5,工业,C26,化学原料及化学制品制造业,,
2803,5,工业,C23,印刷和记录媒介复制业,,
2805,5,工业,C26,化学原料及化学制品制造业,,
2806,5,工业,C39,计算机、通信和其他电子设备制造业,,
2807,1,金融,J66,货币金融服务,,
2808,5,工业,C39,计算机、通信和其他电子设备制造业,,
2809,5,工业,,C26,化学原料及化学制品制造业,
2810,5,工业,C26,化学原料及化学制品制造业,,
2811,4,综合,E50,建筑装饰和其他建筑业,,
2812,5,工业,C29,橡胶和塑料制品业,,
2813,5,工业,C39,计算机、通信和其他电子设备制造业,,
2815,5,工业,C39,计算机、通信和其他电子设备制造业,,
2816,5,工业,C34,通用设备制造业,,
2817,5,工业,C27,医药制造业,,
2818,2,公用事业,L72,商务服务业,,
2819,6,商业,F51,批发业,,
2820,5,工业,C14,食品制造业,,
2821,5,工业,C27,医药制造业,,
2822,4,综合,E50,建筑装饰和其他建筑业,,
2823,5,工业,C38,电气机械及器材制造业,,
2825,5,工业,C29,橡胶和塑料制品业,,
2826,5,工业,C27,医药制造业,,
2827,5,工业,C26,化学原料及化学制品制造业,,
2828,5,工业,B11,开采辅助活动,,
2829,5,工业,C39,计算机、通信和其他电子设备制造业,,
2830,4,综合,E50,建筑装饰和其他建筑业,,
2831,5,工业,C22,造纸及纸制品业,,
2832,5,工业,C18,纺织服装、服饰业,,
2833,5,工业,C35,专用设备制造业,,
2835,5,工业,C39,计算机、通信和其他电子设备制造业,,
2836,5,工业,C23,印刷和记录媒介复制业,,
2837,5,工业,C35,专用设备制造业,,
300001,5,工业,C7610,输配电及控制设备制造业,,
300002,2,公用事业,G87,计算机应用服务业,,
300003,5,工业,C7340,医疗器械制造业,,
300004,5,工业,C73,专用设备制造业,,
300005,5,工业,C37,文教体育用品制造业,,
300006,5,工业,C81,医药制造业,,
300007,5,工业,C78,仪器仪表及文化、办公用机械制造业,,
300008,2,公用事业,K2099,其他专业、科研服务业,,
300009,5,工业,C85,生物制品业,,
300010,2,公用事业,G87,计算机应用服务业,,
300011,5,工业,C75,交通运输设备制造业,,
300012,2,公用事业,K20,专业、科研服务业,,
300013,2,公用事业,F21,仓储业,,
300014,5,工业,C51,电子元器件制造业,,
300015,2,公用事业,K37,卫生、保健、护理服务业,,
300016,5,工业,C81,医药制造业,,
300017,2,公用事业,G85,通信服务业,,
300018,5,工业,C78,仪器仪表及文化、办公用机械制造业,,
300019,5,工业,C43,化学原料及化学制品制造业,,
300020,2,公用事业,G87,计算机应用服务业,,
300021,5,工业,C73,专用设备制造业,,
300022,6,商业,H11,零售业,,
300023,5,工业,C73,专用设备制造业,,
300024,5,工业,C73,专用设备制造业,,
300025,2,公用事业,G85,通信服务业,,
300026,5,工业,C81,医药制造业,,
300027,2,公用事业,L10,广播电影电视业,,
300028,2,公用事业,L10,广播电影电视业,,
300029,5,工业,C73,专用设备制造业,,
300030,5,工业,C7340,医疗器械制造业,,
300031,5,工业,C48,橡胶制造业,,
300032,5,工业,C51,电子元器件制造业,,
300033,2,公用事业,G87,计算机应用服务业,,
300034,5,工业,C67,有色金属冶炼及压延加工业,,
300035,5,工业,C73,专用设备制造业,,
300036,2,公用事业,G87,计算机应用服务业,,
300037,5,工业,C43,化学原料及化学制品制造业,,
300038,5,工业,G81,通信及相关设备制造业,,
300039,5,工业,C81,医药制造业,,
300040,5,工业,C76,电器机械及器材制造业,,
300041,5,工业,C43,化学原料及化学制品制造业,,
300042,2,公用事业,G87,计算机应用服务业,,
300043,5,工业,C37,文教体育用品制造业,,
300044,2,公用事业,G87,计算机应用服务业,,
300045,2,公用事业,G87,计算机应用服务业,,
300046,5,工业,C51,电子元器件制造业,,
300047,2,公用事业,G87,计算机应用服务业,,
300048,5,工业,C76,电器机械及器材制造业,,
300049,5,工业,C81,医药制造业,,
300050,2,公用事业,G85,通信服务业,,
300051,2,公用事业,G87,计算机应用服务业,,
300052,2,公用事业,G87,计算机应用服务业,,
300053,5,工业,C51,电子元器件制造业,,
300054,5,工业,C43,化学原料及化学制品制造业,,
300055,4,综合,M,综合类,,
300056,5,工业,C73,专用设备制造业,,
300057,5,工业,C31,造纸及纸制品业,,
300058,2,公用事业,L20,信息传播服务业,,
300059,2,公用事业,G87,计算机应用服务业,,
300061,5,工业,C99,其他制造业,,
300062,5,工业,C76,电器机械及器材制造业,,
300063,5,工业,C43,化学原料及化学制品制造业,,
300064,5,工业,C61,非金属矿物制品业,,
300065,2,公用事业,G87,计算机应用服务业,,
300066,5,工业,C78,仪器仪表及文化、办公用机械制造业,,
300067,5,工业,C43,化学原料及化学制品制造业,,
300068,5,工业,C76,电器机械及器材制造业,,
300069,5,工业,C76,电器机械及器材制造业,,
300070,2,公用事业,K20,专业、科研服务业,,
300071,2,公用事业,L99,其他传播、文化服务业,,
300072,5,工业,C43,化学原料及化学制品制造业,,
300073,5,工业,C61,非金属矿物制品业,,
300074,2,公用事业,G85,通信服务业,,
300075,2,公用事业,G87,计算机应用服务业,,
300076,5,工业,G83,计算机及相关设备制造业,,
300077,5,工业,C5115,电子元件制造业,,
300078,5,工业,C57,其他电子设备制造业,,
300079,2,公用事业,L10,广播电影电视业,,
300080,5,工业,C61,非金属矿物制品业,,
300081,2,公用事业,G85,通信服务业,,
300082,5,工业,C4360,专用化学产品制造业,,
300083,5,工业,C49,塑料制造业,,
300084,2,公用事业,B50,采掘服务业,,
300085,2,公用事业,G87,计算机应用服务业,,
300086,5,工业,C81,医药制造业,,
300087,4,综合,A01,农业,,
300088,5,工业,C51,电子元器件制造业,,
300089,5,工业,C61,非金属矿物制品业,,
300090,5,工业,C71,普通机械制造业,,
300091,5,工业,C73,专用设备制造业,,
300092,5,工业,C73,专用设备制造业,,
300093,5,工业,C61,非金属矿物制品业,,
300094,4,综合,A09,农、林、牧、渔服务业,,
300095,5,工业,C71,普通机械制造业,,
300096,2,公用事业,G87,计算机应用服务业,,
300097,5,工业,C73,专用设备制造业,,
300098,5,工业,G81,通信及相关设备制造业,,
300099,5,工业,C73,专用设备制造业,,
300100,5,工业,C75,交通运输设备制造业,,
300101,5,工业,G81,通信及相关设备制造业,,
300102,5,工业,C51,电子元器件制造业,,
300103,5,工业,C73,专用设备制造业,,
300104,2,公用事业,G87,计算机应用服务业,,
300105,5,工业,C71,普通机械制造业,,
300106,4,综合,A05,畜牧业,,
300107,5,工业,C43,化学原料及化学制品制造业,,
300108,5,工业,C43,化学原料及化学制品制造业,,
300109,5,工业,C43,化学原料及化学制品制造业,,
300110,5,工业,C81,医药制造业,,
300111,5,工业,C57,其他电子设备制造业,,
300112,5,工业,C78,仪器仪表及文化、办公用机械制造业,,
300113,2,公用事业,G87,计算机应用服务业,,
300114,5,工业,C51,电子元器件制造业,,
300115,5,工业,C57,其他电子设备制造业,,
300116,5,工业,C99,其他制造业,,
300117,4,综合,E05,装修装饰业,,
300118,5,工业,C57,其他电子设备制造业,,
300119,5,工业,C85,生物制品业,,
300120,5,工业,C7610,输配电及控制设备制造业,,
300121,5,工业,C43,化学原料及化学制品制造业,,
300122,5,工业,C85,生物制品业,,
300123,5,工业,C7525,船舶制造业,,
300124,5,工业,C76,电器机械及器材制造业,,
300125,2,公用事业,K20,专业、科研服务业,,
300126,5,工业,C76,电器机械及器材制造业,,
300127,5,工业,C51,电子元器件制造业,,
300128,5,工业,C51,电子元器件制造业,,
300129,5,工业,C7105,金属加工机械制造业,,
300130,5,工业,C73,专用设备制造业,,
300131,5,工业,C51,电子元器件制造业,,
300132,5,工业,C43,化学原料及化学制品制造业,,
300133,2,公用事业,L10,广播电影电视业,,
300134,5,工业,G81,通信及相关设备制造业,,
300135,5,工业,C43,化学原料及化学制品制造业,,
300136,5,工业,C57,其他电子设备制造业,,
300137,5,工业,C78,仪器仪表及文化、办公用机械制造业,,
300138,5,工业,C85,生物制品业,,
300139,5,工业,C51,电子元器件制造业,,
300140,5,工业,C76,电器机械及器材制造业,,
300141,5,工业,C76,电器机械及器材制造业,,
300142,5,工业,C85,生物制品业,,
300143,4,综合,A01,农业,,
300144,2,公用事业,K34,旅游业,,
300145,5,工业,C71,普通机械制造业,,
300146,5,工业,C0399,其他食品制造业,,
300147,5,工业,C81,医药制造业,,
300148,2,公用事业,L01,出版业,,
300149,5,工业,C03,食品制造业,,
300150,2,公用事业,G87,计算机应用服务业,,
300151,5,工业,C73,专用设备制造业,,
300152,5,工业,C71,普通机械制造业,,
300153,5,工业,C76,电器机械及器材制造业,,
300154,5,工业,C57,其他电子设备制造业,,
300155,5,工业,C57,其他电子设备制造业,,
300156,5,工业,C73,专用设备制造业,,
300157,2,公用事业,B5003,石油和天然气开采服务业,,
300158,5,工业,C81,医药制造业,,
300159,5,工业,C73,专用设备制造业,,
300160,5,工业,C61,非金属矿物制品业,,
300161,5,工业,C71,普通机械制造业,,
300162,5,工业,C51,电子元器件制造业,,
300163,5,工业,C99,其他制造业,,
300164,2,公用事业,B50,采掘服务业,,
300165,5,工业,C78,仪器仪表及文化、办公用机械制造业,,
300166,2,公用事业,G8701,计算机软件开发与咨询,,
300167,2,公用事业,G8599,其他通信服务业,,
300168,2,公用事业,G87,计算机应用服务业,,
300169,5,工业,C49,塑料制造业,,
300170,2,公用事业,G87,计算机应用服务业,,
300171,5,工业,C73,专用设备制造业,,
300172,2,公用事业,K99,其他社会服务业,,
300173,5,工业,C73,专用设备制造业,,
300174,5,工业,C43,化学原料及化学制品制造业,,
300175,5,工业,C01,食品加工业,,
300176,5,工业,C71,普通机械制造业,,
300177,5,工业,G81,通信及相关设备制造业,,
300178,2,公用事业,K34,旅游业,,
300179,5,工业,C61,非金属矿物制品业,,
300180,5,工业,C49,塑料制造业,,
300181,5,工业,C8110,中药材及中成药加工业,,
300182,2,公用事业,G87,计算机应用服务业,,
300183,2,公用事业,G8701,计算机软件开发与咨询,,
300184,5,工业,G,信息技术业,,
300185,5,工业,C73,专用设备制造业,,
300186,4,综合,A09,农、林、牧、渔服务业,,
300187,2,公用事业,K99,其他社会服务业,,
300188,2,公用事业,G8799,其他计算机应用服务业,,
300189,4,综合,A01,农业,,
300190,2,公用事业,K0199,其他公共设施服务业,,
300191,2,公用事业,B50,采掘服务业,,
300192,5,工业,C4370,日用化学产品制造业,,
300193,5,工业,C71,普通机械制造业,,
300194,5,工业,C81,医药制造业,,
300195,5,工业,C7350,其他专用设备制造业,,
300196,5,工业,C6199,其他非金属矿物制品业,,
300197,3,房地产,E01,土木工程建筑业,,
300198,5,工业,C4905,塑料板、管、棒材制造业,,
300199,5,工业,C81,医药制造业,,
300200,5,工业,C43,化学原料及化学制品制造业,,
300201,5,工业,C7350,其他专用设备制造业,,
300202,5,工业,C73,专用设备制造业,,
300203,5,工业,C7805,专用仪器仪表制造业,,
300204,5,工业,C81,医药制造业,,
300205,5,工业,C57,其他电子设备制造业,,
300206,5,工业,C73,专用设备制造业,,
300207,5,工业,C76,电器机械及器材制造业,,
300208,5,工业,C76,电器机械及器材制造业,,
300209,2,公用事业,G85,通信服务业,,
300210,5,工业,C73,专用设备制造业,,
300211,5,工业,G8115,广播电视设备制造业,,
300212,2,公用事业,G87,计算机应用服务业,,
300213,5,工业,G81,通信及相关设备制造业,,
300214,5,工业,C4360,专用化学产品制造业,,
300215,2,公用事业,K20,专业、科研服务业,,
300216,5,工业,C73,专用设备制造业,,
300217,5,工业,C76,电器机械及器材制造业,,
300218,5,工业,C49,塑料制造业,,
300219,5,工业,C51,电子元器件制造业,,
300220,5,工业,C57,其他电子设备制造业,,
300221,5,工业,C49,塑料制造业,,
300222,5,工业,C76,电器机械及器材制造业,,
300223,5,工业,C51,电子元器件制造业,,
300224,5,工业,C51,电子元器件制造业,,
300225,5,工业,C43,化学原料及化学制品制造业,,
300226,2,公用事业,L20,信息传播服务业,,
300227,5,工业,C51,电子元器件制造业,,
300228,5,工业,C73,专用设备制造业,,
300229,2,公用事业,G87,计算机应用服务业,,
300230,5,工业,C49,塑料制造业,,
300231,2,公用事业,G87,计算机应用服务业,,
300232,5,工业,C51,电子元器件制造业,,
300233,5,工业,C43,化学原料及化学制品制造业,,
300234,5,工业,C61,非金属矿物制品业,,
300235,2,公用事业,L99,其他传播、文化服务业,,
300236,5,工业,C43,化学原料及化学制品制造业,,
300237,5,工业,C48,橡胶制造业,,
300238,5,工业,C73,专用设备制造业,,
300239,5,工业,C85,生物制品业,,
300240,2,公用事业,F19,其他交通运输业,,
300241,5,工业,C51,电子元器件制造业,,
300242,5,工业,C51,电子元器件制造业,,
300243,5,工业,C43,化学原料及化学制品制造业,,
300244,2,公用事业,K37,卫生、保健、护理服务业,,
300245,2,公用事业,G87,计算机应用服务业,,
300246,5,工业,C73,专用设备制造业,,
300247,5,工业,C76,电器机械及器材制造业,,
300248,2,公用事业,G87,计算机应用服务业,,
300249,5,工业,C73,专用设备制造业,,
300250,5,工业,G81,通信及相关设备制造业,,
300251,2,公用事业,L10,广播电影电视业,,
300252,5,工业,C76,电器机械及器材制造业,,
300253,2,公用事业,G87,计算机应用服务业,,
300254,5,工业,C81,医药制造业,,
300255,5,工业,C85,生物制品业,,
300256,5,工业,C51,电子元器件制造业,,
300257,5,工业,C71,普通机械制造业,,
300258,5,工业,C75,交通运输设备制造业,,
300259,5,工业,C78,仪器仪表及文化、办公用机械制造业,,
300260,5,工业,C71,普通机械制造业,,
300261,5,工业,C43,化学原料及化学制品制造业,,
300262,2,公用事业,K99,其他社会服务业,,
300263,5,工业,C71,普通机械制造业,,
300264,5,工业,G81,通信及相关设备制造业,,
300265,5,工业,C76,电器机械及器材制造业,,
300266,5,工业,C71,普通机械制造业,,
300267,5,工业,C81,医药制造业,,
300268,5,工业,C01,食品加工业,,
300269,5,工业,C57,其他电子设备制造业,,
300270,5,工业,G81,通信及相关设备制造业,,
300271,2,公用事业,G87,计算机应用服务业,,
300272,5,工业,C76,电器机械及器材制造业,,
300273,5,工业,C73,专用设备制造业,,
300274,5,工业,C76,电器机械及器材制造业,,
300275,2,公用事业,G87,计算机应用服务业,,
300276,5,工业,C73,专用设备制造业,,
300277,2,公用事业,G87,计算机应用服务业,,
300278,5,工业,C73,专用设备制造业,,
300279,5,工业,C51,电子元器件制造业,,
300280,5,工业,C71,普通机械制造业,,
300281,5,工业,C73,专用设备制造业,,
300282,5,工业,G83,计算机及相关设备制造业,,
300283,5,工业,C76,电器机械及器材制造业,,
300284,2,公用事业,K20,专业、科研服务业,,
300285,5,工业,C43,化学原料及化学制品制造业,,
300286,5,工业,C78,仪器仪表及文化、办公用机械制造业,,
300287,2,公用事业,G87,计算机应用服务业,,
300288,2,公用事业,G85,通信服务业,,
300289,5,工业,C85,生物制品业,,
300290,2,公用事业,G87,计算机应用服务业,,
300291,2,公用事业,L10,广播电影电视业,,
300292,5,工业,G81,通信及相关设备制造业,,
300293,5,工业,C73,专用设备制造业,,
300294,5,工业,C85,生物制品业,,
300295,2,公用事业,G87,计算机应用服务业,,
300296,5,工业,C57,其他电子设备制造业,,
300297,2,公用事业,G87,计算机应用服务业,,
300298,5,工业,C73,专用设备制造业,,
300299,2,公用事业,G85,通信服务业,,
300300,2,公用事业,G87,计算机应用服务业,,
300301,5,工业,C51,电子元器件制造业,,
300302,2,公用事业,G87,计算机应用服务业,,
300303,5,工业,C51,电子元器件制造业,,
300304,5,工业,C75,交通运输设备制造业,,
300305,5,工业,C49,塑料制造业,,
300306,5,工业,C78,仪器仪表及文化、办公用机械制造业,,
300307,5,工业,C73,专用设备制造业,,
300308,5,工业,C73,专用设备制造业,,
300309,2,公用事业,B50,采掘服务业,,
300310,2,公用事业,G85,通信服务业,,
300311,2,公用事业,G87,计算机应用服务业,,
300312,5,工业,G81,通信及相关设备制造业,,
300313,4,综合,A05,畜牧业,,
300314,5,工业,C73,专用设备制造业,,
300315,2,公用事业,G85,通信服务业,,
300316,5,工业,C73,专用设备制造业,,
300317,5,工业,C76,电器机械及器材制造业,,
300318,5,工业,C73,专用设备制造业,,
300319,5,工业,C51,电子元器件制造业,,
300320,5,工业,C48,橡胶制造业,,
300321,5,工业,C49,塑料制造业,,
300322,5,工业,G81,通信及相关设备制造业,,
300323,5,工业,C51,电子元器件制造业,,
300324,2,公用事业,G87,计算机应用服务业,,
300325,5,工业,C49,塑料制造业,,
300326,5,工业,C73,专用设备制造业,,
300327,5,工业,C51,电子元器件制造业,,
300328,5,工业,C69,金属制品业,,
300329,5,工业,C37,文教体育用品制造业,,
300330,2,公用事业,G87,计算机应用服务业,,
300331,5,工业,C51,电子元器件制造业,,
300332,2,公用事业,K99,其他社会服务业,,
300333,2,公用事业,G87,计算机应用服务业,,
300334,5,工业,C73,专用设备制造业,,
300335,2,公用事业,K99,其他社会服务业,,
300336,2,公用事业,L10,广播电影电视业,,
300337,5,工业,C67,有色金属冶炼及压延加工业,,
300338,5,工业,C78,仪器仪表及文化、办公用机械制造业,,
300339,2,公用事业,G87,计算机应用服务业,,
300340,5,工业,C51,电子元器件制造业,,
300341,5,工业,C76,电器机械及器材制造业,,
300342,5,工业,C51,电子元器件制造业,,
300343,5,工业,C43,化学原料及化学制品制造业,,
300344,5,工业,C61,非金属矿物制品业,,
300345,5,工业,C69,金属制品业,,
300346,5,工业,C51,电子元器件制造业,,
300347,2,公用事业,K20,专业、科研服务业,,
300348,2,公用事业,G87,计算机应用服务业,,
300349,2,公用事业,G87,计算机应用服务业,,
300350,2,公用事业,F21,仓储业,,
300351,5,工业,C51,电子元器件制造业,,
300352,2,公用事业,G87,计算机应用服务业,,
300353,5,工业,G81,通信及相关设备制造业,,
300354,5,工业,C78,仪器仪表及文化、办公用机械制造业,,
300355,3,房地产,E01,土木工程建筑业,,
300356,5,工业,C76,电器机械及器材制造业,,
300357,5,工业,C27,医药制造业,,
300358,5,工业,C35,专用设备制造业,,
300359,2,公用事业,I65,软件和信息技术服务业,,
300360,5,工业,C40,仪器仪表制造业,,
300362,5,工业,C34,通用设备制造业,,
300363,5,工业,C27,医药制造业,,
300364,2,公用事业,R85,新闻和出版业,,
300365,2,公用事业,I65,软件和信息技术服务业,,
300366,2,公用事业,I65,软件和信息技术服务业,,
300367,5,工业,C39,计算机、通信和其他电子设备制造业,,
300368,5,工业,C35,专用设备制造业,,
300369,2,公用事业,I65,软件和信息技术服务业,,
300370,5,工业,C40,仪器仪表制造业,,
300371,5,工业,C40,仪器仪表制造业,,
300372,5,工业,C38,电气机械及器材制造业,,
300373,5,工业,C38,电气机械及器材制造业,,
300374,5,工业,C30,非金属矿物制品业,,
300375,5,工业,C29,橡胶和塑料制品业,,
300376,5,工业,C38,电气机械及器材制造业,,
300377,2,公用事业,I65,软件和信息技术服务业,,
300378,2,公用事业,I65,软件和信息技术服务业,,
300379,2,公用事业,I65,软件和信息技术服务业,,
300380,2,公用事业,I65,软件和信息技术服务业,,
300381,5,工业,C14,食品制造业,,
300382,5,工业,C35,专用设备制造业,,
300383,2,公用事业,I64,互联网和相关服务,,
300384,2,公用事业,M74,专业技术服务业,,
300385,5,工业,C35,专用设备制造业,,
300386,2,公用事业,I65,软件和信息技术服务业,,
300387,5,工业,C26,化学原料及化学制品制造业,,
300388,2,公用事业,N77,生态保护和环境治理业,,
300389,5,工业,C39,计算机、通信和其他电子设备制造业,,
300390,5,工业,C39,计算机、通信和其他电子设备制造业,,
300391,5,工业,C34,通用设备制造业,,
300392,2,公用事业,I64,互联网和相关服务,,
300393,5,工业,C41,其他制造业,,
300394,5,工业,C39,计算机、通信和其他电子设备制造业,,
300395,5,工业,C30,非金属矿物制品业,,
300396,5,工业,C35,专用设备制造业,,
300397,5,工业,C39,计算机、通信和其他电子设备制造业,,
300398,5,工业,C26,化学原料及化学制品制造业,,
300399,2,公用事业,I65,软件和信息技术服务业,,
300400,5,工业,C35,专用设备制造业,,
300401,5,工业,C14,食品制造业,,
300402,5,工业,C35,专用设备制造业,,
300403,5,工业,C38,电气机械及器材制造业,,
300404,2,公用事业,M73,研究和试验发展,,
300405,5,工业,C26,化学原料及化学制品制造业,,
300406,5,工业,C27,医药制造业,,
300407,5,工业,C38,电气机械及器材制造业,,
300408,5,工业,C39,计算机、通信和其他电子设备制造业,,
300409,5,工业,C30,非金属矿物制品业,,
300410,5,工业,C40,仪器仪表制造业,,
300411,5,工业,C34,通用设备制造业,,
300412,5,工业,C35,专用设备制造业,,
300413,6,商业,F52,零售业,,
300414,5,工业,C39,计算机、通信和其他电子设备制造业,,
300415,5,工业,C35,专用设备制造业,,
300416,5,工业,C40,仪器仪表制造业,,
300417,5,工业,C40,仪器仪表制造业,,
300418,2,公用事业,I64,互联网和相关服务,,
300419,2,公用事业,I65,软件和信息技术服务业,,
300420,5,工业,C34,通用设备制造业,,
300421,5,工业,C34,通用设备制造业,,
300422,2,公用事业,N77,生态保护和环境治理业,,
300423,5,工业,C38,电气机械及器材制造业,,
300424,5,工业,C37,铁路、船舶、航空航天和其它运输设备制造业,,
300425,5,工业,C35,专用设备制造业,,
300426,2,公用事业,R86,广播、电视、电影和影视录音制作业,,
300427,5,工业,C38,电气机械及器材制造业,,
300428,5,工业,C32,有色金属冶炼及压延加工业,,
300429,5,工业,C26,化学原料及化学制品制造业,,
300430,5,工业,C40,仪器仪表制造业,,
300431,2,公用事业,I64,互联网和相关服务,,
300432,5,工业,C36,汽车制造业,,
300433,5,工业,C39,计算机、通信和其他电子设备制造业,,
300434,5,工业,C35,专用设备制造业,,
300435,5,工业,C34,通用设备制造业,,
300436,5,工业,C27,医药制造业,,
300437,5,工业,C26,化学原料及化学制品制造业,,
300438,5,工业,C38,电气机械及器材制造业,,
300439,5,工业,C27,医药制造业,,
300440,2,公用事业,I65,软件和信息技术服务业,,
300441,5,工业,C34,通用设备制造业,,
300442,5,工业,C35,专用设备制造业,,
300443,5,工业,C35,专用设备制造业,,
300444,5,工业,C38,电气机械及器材制造业,,
300445,5,工业,C40,仪器仪表制造业,,
300446,5,工业,C26,化学原料及化学制品制造业,,
300447,5,工业,C38,电气机械及器材制造业,,
300448,2,公用事业,I65,软件和信息技术服务业,,
300449,5,工业,C39,计算机、通信和其他电子设备制造业,,
300450,5,工业,C35,专用设备制造业,,
300451,2,公用事业,I65,软件和信息技术服务业,,
300452,5,工业,C27,医药制造业,,
300453,5,工业,C35,专用设备制造业,,
300455,5,工业,C39,计算机、通信和其他电子设备制造业,,
300456,5,工业,C39,计算机、通信和其他电子设备制造业,,
300457,5,工业,C35,专用设备制造业,,
300458,5,工业,C39,计算机、通信和其他电子设备制造业,,
300459,5,工业,C26,化学原料及化学制品制造业,,
300460,5,工业,C39,计算机、通信和其他电子设备制造业,,
300461,5,工业,C35,专用设备制造业,,
300462,5,工业,C35,专用设备制造业,,
300463,5,工业,C27,医药制造业,,
300464,5,工业,C33,金属制品业,,
300465,2,公用事业,I65,软件和信息技术服务业,,
300466,5,工业,C40,仪器仪表制造业,,
300467,2,公用事业,I64,互联网和相关服务,,
300468,2,公用事业,I65,软件和信息技术服务业,,
300469,2,公用事业,I65,软件和信息技术服务业,,
300470,5,工业,C34,通用设备制造业,,
300471,5,工业,C35,专用设备制造业,,
300472,5,工业,C35,专用设备制造业,,
300473,5,工业,C34,通用设备制造业,,
300474,5,工业,C39,计算机、通信和其他电子设备制造业,,
300475,5,工业,C38,电气机械及器材制造业,,
300476,5,工业,C39,计算机、通信和其他电子设备制造业,,
300477,5,工业,C38,电气机械及器材制造业,,
300478,5,工业,C29,橡胶和塑料制品业,,
300479,5,工业,C39,计算机、通信和其他电子设备制造业,,
300480,5,工业,C40,仪器仪表制造业,,
300481,5,工业,C26,化学原料及化学制品制造业,,
300482,5,工业,C27,医药制造业,,
300483,5,工业,C41,其他制造业,,
300484,5,工业,C38,电气机械及器材制造业,,
300485,5,工业,C27,医药制造业,,
300486,5,工业,C35,专用设备制造业,,
300487,5,工业,C26,化学原料及化学制品制造业,,
300488,5,工业,C33,金属制品业,,
300489,5,工业,C32,有色金属冶炼及压延加工业,,
300490,5,工业,C38,电气机械及器材制造业,,
300491,5,工业,C38,电气机械及器材制造业,,
300492,2,公用事业,M74,专业技术服务业,,
300493,2,公用事业,I65,软件和信息技术服务业,,
300494,2,公用事业,I65,软件和信息技术服务业,,
300495,3,房地产,E48,土木工程建筑业,,
300496,2,公用事业,I65,软件和信息技术服务业,,
300497,5,工业,C27,医药制造业,,
300498,4,综合,A03,畜牧业,,
300499,5,工业,C38,电气机械及器材制造业,,
300500,2,公用事业,M74,专业技术服务业,,
300501,5,工业,C27,医药制造业,,
300502,5,工业,C39,计算机、通信和其他电子设备制造业,,
300503,5,工业,C34,通用设备制造业,,
300505,5,工业,C26,化学原料及化学制品制造业,,
300506,4,综合,E50,建筑装饰和其他建筑业,,
300507,5,工业,C36,汽车制造业,,
300508,2,公用事业,I65,软件和信息技术服务业,,
300509,5,工业,C34,通用设备制造业,,
300510,5,工业,C38,电气机械及器材制造业,,
300511,4,综合,A01,农业,,
300512,5,工业,C34,通用设备制造业,,
300513,2,公用事业,I65,软件和信息技术服务业,,
300515,5,工业,C40,仪器仪表制造业,,
300516,5,工业,C39,计算机、通信和其他电子设备制造业,,
300517,3,房地产,E48,土木工程建筑业,,
300518,2,公用事业,I65,软件和信息技术服务业,,
300519,5,工业,C27,医药制造业,,
300520,2,公用事业,I65,软件和信息技术服务业,,
300521,5,工业,C35,专用设备制造业,,
300522,5,工业,C26,化学原料及化学制品制造业,,
300523,2,公用事业,I65,软件和信息技术服务业,,
300525,2,公用事业,I65,软件和信息技术服务业,,
300526,5,工业,C35,专用设备制造业,,
300527,5,工业,C35,专用设备制造业,,
300528,2,公用事业,R86,广播、电视、电影和影视录音制作业,,
300529,5,工业,C35,专用设备制造业,,
300530,5,工业,C26,化学原料及化学制品制造业,,
300531,5,工业,C39,计算机、通信和其他电子设备制造业,,
300532,2,公用事业,I65,软件和信息技术服务业,,
300533,2,公用事业,I65,软件和信息技术服务业,,
300534,5,工业,C27,医药制造业,,
300535,5,工业,C26,化学原料及化学制品制造业,,
300536,3,房地产,E48,土木工程建筑业,,
300537,5,工业,C26,化学原料及化学制品制造业,,
300538,6,商业,,F51,批发业,
300539,5,工业,C29,橡胶和塑料制品业,,
300540,5,工业,C34,通用设备制造业,,
300541,2,公用事业,I65,软件和信息技术服务业,,
300542,2,公用事业,I65,软件和信息技术服务业,,
300543,5,工业,C39,计算机、通信和其他电子设备制造业,,
300545,5,工业,C35,专用设备制造业,,
300546,5,工业,C39,计算机、通信和其他电子设备制造业,,
300547,5,工业,C29,橡胶和塑料制品业,,
300548,5,工业,C39,计算机、通信和其他电子设备制造业,,
300549,5,工业,C35,专用设备制造业,,
300550,2,公用事业,I65,软件和信息技术服务业,,
300551,5,工业,C35,专用设备制造业,,
300552,2,公用事业,I65,软件和信息技术服务业,,
300553,5,工业,C40,仪器仪表制造业,,
300555,5,工业,C39,计算机、通信和其他电子设备制造业,,
300556,2,公用事业,I65,软件和信息技术服务业,,
300557,5,工业,C40,仪器仪表制造业,,
300558,5,工业,C27,医药制造业,,
300559,2,公用事业,I65,软件和信息技术服务业,,
300560,2,公用事业,I65,软件和信息技术服务业,,
300561,2,公用事业,I65,软件和信息技术服务业,,
300562,5,工业,C35,专用设备制造业,,
300563,5,工业,C39,计算机、通信和其他电子设备制造业,,
300565,5,工业,C39,计算机、通信和其他电子设备制造业,,
300566,5,工业,C39,计算机、通信和其他电子设备制造业,,
300567,5,工业,C40,仪器仪表制造业,,
300568,5,工业,C26,化学原料及化学制品制造业,,
300569,5,工业,C38,电气机械及器材制造业,,
300570,5,工业,C39,计算机、通信和其他电子设备制造业,,
300571,2,公用事业,I64,互联网和相关服务,,
300572,5,工业,C40,仪器仪表制造业,,
300573,5,工业,C27,医药制造业,,
300575,5,工业,C26,化学原料及化学制品制造业,,
300576,5,工业,C26,化学原料及化学制品制造业,,
300577,5,工业,C17,纺织业,,
300579,2,公用事业,I65,软件和信息技术服务业,,
300581,5,工业,C39,计算机、通信和其他电子设备制造业,,
300582,5,工业,C39,计算机、通信和其他电子设备制造业,,
300585,5,工业,C36,汽车制造业,,
600000,1,金融,I01,银行业,,
600001,5,工业,C65,黑色金属冶炼及压延加工业,,
600002,5,工业,C41,石油加工及炼焦业,,
600003,2,公用事业,F11,交通运输辅助业,,
600004,2,公用事业,F09,航空运输业,,
600005,5,工业,C65,黑色金属冶炼及压延加工业,,
600006,5,工业,C75,交通运输设备制造业,,
600007,2,公用事业,K34,旅游业,,
600008,2,公用事业,K01,公共设施服务业,,
600009,2,公用事业,F11,交通运输辅助业,,
600010,5,工业,C65,黑色金属冶炼及压延加工业,,
600011,5,工业,D01,电力、蒸汽、热水的生产和供应业,,
600012,2,公用事业,F11,交通运输辅助业,,
600015,1,金融,I01,银行业,,
600016,1,金融,I01,银行业,,
600017,2,公用事业,F11,交通运输辅助业,,
600018,2,公用事业,F11,交通运输辅助业,,
600018,2,公用事业,F11,交通运输辅助业,,
600019,5,工业,C65,黑色金属冶炼及压延加工业,,
600020,2,公用事业,F11,交通运输辅助业,,
600021,5,工业,D01,电力、蒸汽、热水的生产和供应业,,
600022,5,工业,C65,黑色金属冶炼及压延加工业,,
600023,5,工业,D44,电力、热力生产和供应业,,
600026,2,公用事业,F07,水上运输业,,
600027,5,工业,D01,电力、蒸汽、热水的生产和供应业,,
600028,5,工业,B03,石油和天然气开采业,,
600029,2,公用事业,F09,航空运输业,,
600030,1,金融,I21,证券、期货业,,
600031,5,工业,C75,交通运输设备制造业,,
600033,2,公用事业,F11,交通运输辅助业,,
600035,2,公用事业,F11,交通运输辅助业,,
600036,1,金融,I01,银行业,,
600037,2,公用事业,L,传播与文化产业,,
600038,5,工业,C75,交通运输设备制造业,,
600039,3,房地产,E01,土木工程建筑业,,
600048,3,房地产,J01,房地产开发与经营业,,
600050,2,公用事业,G85,通信服务业,,
600051,4,综合,M,综合类,,
600052,3,房地产,J01,房地产开发与经营业,,
600053,5,工业,C31,造纸及纸制品业,,
600054,2,公用事业,K34,旅游业,,
600055,5,工业,C73,专用设备制造业,,
600056,6,商业,H21,商业经纪与代理业,,
600057,5,工业,C55,日用电子器具制造业,,
600058,6,商业,H21,商业经纪与代理业,,
600059,5,工业,C05,饮料制造业,,
600060,5,工业,C55,日用电子器具制造业,,
600061,5,工业,C47,化学纤维制造业,,
600062,5,工业,C81,医药制造业,,
600063,5,工业,C47,化学纤维制造业,,
600064,3,房地产,J01,房地产开发与经营业,,
600065,5,工业,C41,石油加工及炼焦业,,
600066,5,工业,C75,交通运输设备制造业,,
600067,5,工业,C76,电器机械及器材制造业,,
600068,3,房地产,E01,土木工程建筑业,,
600069,5,工业,C31,造纸及纸制品业,,
600070,5,工业,C11,纺织业,,
600071,5,工业,C78,仪器仪表及文化、办公用机械制造业,,
600072,5,工业,C73,专用设备制造业,,
600073,5,工业,C03,食品制造业,,
600074,5,工业,C49,塑料制造业,,
600075,4,综合,A01,农业,,
600076,5,工业,G81,通信及相关设备制造业,,
600077,5,工业,G81,通信及相关设备制造业,,
600078,5,工业,C43,化学原料及化学制品制造业,,
600079,4,综合,M,综合类,,
600080,5,工业,C81,医药制造业,,
600081,5,工业,C75,交通运输设备制造业,,
600082,6,商业,H11,零售业,,
600083,5,工业,C55,日用电子器具制造业,,
600084,6,商业,H21,商业经纪与代理业,,
600085,5,工业,C81,医药制造业,,
600086,5,工业,C13,服装及其他纤维制品制造业,,
600087,2,公用事业,F07,水上运输业,,
600088,2,公用事业,L10,广播电影电视业,,
600089,5,工业,C76,电器机械及器材制造业,,
600090,5,工业,C01,食品加工业,,
600091,5,工业,C43,化学原料及化学制品制造业,,
600092,5,工业,C67,有色金属冶炼及压延加工业,,
600093,4,综合,A01,农业,,
600094,5,工业,C47,化学纤维制造业,,
600095,5,工业,C01,食品加工业,,
600096,5,工业,C43,化学原料及化学制品制造业,,
600097,2,公用事业,G87,计算机应用服务业,,
600098,5,工业,D01,电力、蒸汽、热水的生产和供应业,,
600099,5,工业,C75,交通运输设备制造业,,
600100,2,公用事业,G87,计算机应用服务业,,
600101,5,工业,D01,电力、蒸汽、热水的生产和供应业,,
600102,5,工业,C65,黑色金属冶炼及压延加工业,,
600103,5,工业,C31,造纸及纸制品业,,
600104,5,工业,C75,交通运输设备制造业,,
600105,5,工业,G81,通信及相关设备制造业,,
600106,2,公用事业,F11,交通运输辅助业,,
600107,5,工业,C13,服装及其他纤维制品制造业,,
600108,4,综合,A01,农业,,
600109,6,商业,H01,食品、饮料、烟草和家庭用品批发业,,
600110,5,工业,C99,其他制造业,,
600111,5,工业,C67,有色金属冶炼及压延加工业,,
600112,5,工业,C76,电器机械及器材制造业,,
600113,5,工业,C99,其他制造业,,
600114,5,工业,C71,普通机械制造业,,
600115,2,公用事业,F09,航空运输业,,
600116,5,工业,D01,电力、蒸汽、热水的生产和供应业,,
600117,5,工业,C65,黑色金属冶炼及压延加工业,,
600118,2,公用事业,K34,旅游业,,
600119,4,综合,M,综合类,,
600120,6,商业,H21,商业经纪与代理业,,
600121,5,工业,B01,煤炭采选业,,
600122,5,工业,G81,通信及相关设备制造业,,
600123,5,工业,B01,煤炭采选业,,
600125,2,公用事业,F01,铁路运输业,,
600126,5,工业,C65,黑色金属冶炼及压延加工业,,
600127,5,工业,C01,食品加工业,,
600128,6,商业,H21,商业经纪与代理业,,
600129,5,工业,C81,医药制造业,,
600130,5,工业,G81,通信及相关设备制造业,,
600131,5,工业,D01,电力、蒸汽、热水的生产和供应业,,
600132,5,工业,C05,饮料制造业,,
600133,4,综合,M,综合类,,
600135,5,工业,C43,化学原料及化学制品制造业,,
600136,4,综合,M,综合类,,
600137,5,工业,C31,造纸及纸制品业,,
600138,2,公用事业,K34,旅游业,,
600139,5,工业,G83,计算机及相关设备制造业,,
600141,5,工业,C43,化学原料及化学制品制造业,,
600143,5,工业,C49,塑料制造业,,
600145,4,综合,E05,装修装饰业,,
600146,5,工业,C41,石油加工及炼焦业,,
600148,5,工业,C75,交通运输设备制造业,,
600149,5,工业,C71,普通机械制造业,,
600150,5,工业,C73,专用设备制造业,,
600151,5,工业,C75,交通运输设备制造业,,
600152,5,工业,C11,纺织业,,
600153,6,商业,H21,商业经纪与代理业,,
600155,5,工业,C49,塑料制造业,,
600156,5,工业,C11,纺织业,,
600157,4,综合,M,综合类,,
600158,2,公用事业,K99,其他社会服务业,,
600159,5,工业,C05,饮料制造业,,
600160,5,工业,C43,化学原料及化学制品制造业,,
600161,5,工业,C85,生物制品业,,
600162,5,工业,C73,专用设备制造业,,
600163,5,工业,C31,造纸及纸制品业,,
600165,5,工业,C69,金属制品业,,
600166,5,工业,C75,交通运输设备制造业,,
600167,5,工业,D01,电力、蒸汽、热水的生产和供应业,,
600168,2,公用事业,D05,自来水的生产和供应业,,
600169,5,工业,C73,专用设备制造业,,
600170,3,房地产,E01,土木工程建筑业,,
600171,5,工业,C51,电子元器件制造业,,
600172,5,工业,C61,非金属矿物制品业,,
600173,5,工业,C61,非金属矿物制品业,,
600175,6,商业,K32,旅馆业,,
600176,5,工业,C43,化学原料及化学制品制造业,,
600177,5,工业,C13,服装及其他纤维制品制造业,,
600178,5,工业,C75,交通运输设备制造业,,
600179,5,工业,C41,石油加工及炼焦业,,
600180,4,综合,A01,农业,,
600181,5,工业,C43,化学原料及化学制品制造业,,
600182,5,工业,C48,橡胶制造业,,
600183,5,工业,C78,仪器仪表及文化、办公用机械制造业,,
600184,5,工业,C61,非金属矿物制品业,,
600185,5,工业,G83,计算机及相关设备制造业,,
600186,5,工业,C03,食品制造业,,
600187,5,工业,C31,造纸及纸制品业,,
600188,5,工业,B01,煤炭采选业,,
600189,4,综合,A03,林业,,
600190,2,公用事业,F11,交通运输辅助业,,
600191,5,工业,C01,食品加工业,,
600192,5,工业,C76,电器机械及器材制造业,,
600193,4,综合,M,综合类,,
600195,5,工业,C01,食品加工业,,
600196,5,工业,C81,医药制造业,,
600197,5,工业,C05,饮料制造业,,
600198,5,工业,G81,通信及相关设备制造业,,
600199,5,工业,C01,食品加工业,,
600200,4,综合,M,综合类,,
600201,5,工业,C11,纺织业,,
600202,5,工业,C76,电器机械及器材制造业,,
600203,5,工业,C55,日用电子器具制造业,,
600205,5,工业,C67,有色金属冶炼及压延加工业,,
600206,5,工业,C99,其他制造业,,
600207,5,工业,C51,电子元器件制造业,,
600208,5,工业,C99,其他制造业,,
600209,4,综合,M,综合类,,
600210,5,工业,C99,其他制造业,,
600211,5,工业,C81,医药制造业,,
600212,5,工业,C61,非金属矿物制品业,,
600213,5,工业,C7505,汽车制造业,,
600215,2,公用事业,K01,公共设施服务业,,
600216,5,工业,C81,医药制造业,,
600217,5,工业,C61,非金属矿物制品业,,
600218,5,工业,C71,普通机械制造业,,
600219,5,工业,C11,纺织业,,
600220,5,工业,C11,纺织业,,
600221,2,公用事业,F09,航空运输业,,
600222,5,工业,C81,医药制造业,,
600223,4,综合,M,综合类,,
600225,4,综合,A01,农业,,
600226,5,工业,C43,化学原料及化学制品制造业,,
600227,5,工业,C43,化学原料及化学制品制造业,,
600228,5,工业,C43,化学原料及化学制品制造业,,
600229,5,工业,C43,化学原料及化学制品制造业,,
600230,5,工业,C43,化学原料及化学制品制造业,,
600231,5,工业,C65,黑色金属冶炼及压延加工业,,
600232,5,工业,C11,纺织业,,
600233,5,工业,C13,服装及其他纤维制品制造业,,
600234,6,商业,H21,商业经纪与代理业,,
600235,5,工业,C31,造纸及纸制品业,,
600236,2,公用事业,K01,公共设施服务业,,
600237,5,工业,C78,仪器仪表及文化、办公用机械制造业,,
600238,5,工业,C01,食品加工业,,
600239,5,工业,C05,饮料制造业,,
600240,3,房地产,J01,房地产开发与经营业,,
600241,5,工业,C13,服装及其他纤维制品制造业,,
600242,4,综合,A07,渔业,,
600243,5,工业,C71,普通机械制造业,,
600246,3,房地产,J01,房地产开发与经营业,,
600247,6,商业,H21,商业经纪与代理业,,
600248,4,综合,A01,农业,,
600249,5,工业,C43,化学原料及化学制品制造业,,
600250,6,商业,H21,商业经纪与代理业,,
600251,4,综合,A01,农业,,
600252,4,综合,M,综合类,,
600253,5,工业,C81,医药制造业,,
600255,5,工业,C99,其他制造业,,
600256,5,工业,B09,非金属矿采选业,,
600257,4,综合,A09,农、林、牧、渔服务业,,
600258,6,商业,K32,旅馆业,,
600259,5,工业,C13,服装及其他纤维制品制造业,,
600260,5,工业,C49,塑料制造业,,
600261,5,工业,C55,日用电子器具制造业,,
600262,5,工业,C73,专用设备制造业,,
600263,3,房地产,E01,土木工程建筑业,,
600265,4,综合,A03,林业,,
600266,3,房地产,E01,土木工程建筑业,,
600267,5,工业,C81,医药制造业,,
600268,5,工业,C73,专用设备制造业,,
600269,2,公用事业,F11,交通运输辅助业,,
600270,2,公用事业,F09,航空运输业,,
600271,2,公用事业,G87,计算机应用服务业,,
600272,5,工业,C13,服装及其他纤维制品制造业,,
600273,5,工业,C11,纺织业,,
600275,4,综合,A07,渔业,,
600276,5,工业,C81,医药制造业,,
600277,5,工业,C43,化学原料及化学制品制造业,,
600278,6,商业,H21,商业经纪与代理业,,
600279,2,公用事业,F11,交通运输辅助业,,
600280,6,商业,H11,零售业,,
600281,5,工业,C43,化学原料及化学制品制造业,,
600282,5,工业,C65,黑色金属冶炼及压延加工业,,
600283,5,工业,D01,电力、蒸汽、热水的生产和供应业,,
600284,3,房地产,E01,土木工程建筑业,,
600285,5,工业,C81,医药制造业,,
600286,5,工业,C61,非金属矿物制品业,,
600287,6,商业,H21,商业经纪与代理业,,
600288,5,工业,G81,通信及相关设备制造业,,
600289,2,公用事业,G87,计算机应用服务业,,
600290,5,工业,C73,专用设备制造业,,
600291,5,工业,C61,非金属矿物制品业,,
600292,5,工业,D01,电力、蒸汽、热水的生产和供应业,,
600293,5,工业,C99,其他制造业,,
600295,5,工业,C13,服装及其他纤维制品制造业,,
600296,5,工业,C67,有色金属冶炼及压延加工业,,
600297,5,工业,C81,医药制造业,,
600298,5,工业,C01,食品加工业,,
600299,5,工业,C43,化学原料及化学制品制造业,,
600300,5,工业,C05,饮料制造业,,
600301,5,工业,C43,化学原料及化学制品制造业,,
600302,5,工业,C73,专用设备制造业,,
600303,5,工业,C75,交通运输设备制造业,,
600305,5,工业,C03,食品制造业,,
600306,6,商业,H11,零售业,,
600307,5,工业,C65,黑色金属冶炼及压延加工业,,
600308,5,工业,C31,造纸及纸制品业,,
600309,5,工业,C43,化学原料及化学制品制造业,,
600310,5,工业,D01,电力、蒸汽、热水的生产和供应业,,
600311,5,工业,C01,食品加工业,,
600312,5,工业,C73,专用设备制造业,,
600313,4,综合,A01,农业,,
600315,5,工业,C43,化学原料及化学制品制造业,,
600316,5,工业,C75,交通运输设备制造业,,
600317,2,公用事业,F11,交通运输辅助业,,
600318,5,工业,C61,非金属矿物制品业,,
600319,5,工业,C43,化学原料及化学制品制造业,,
600320,5,工业,C73,专用设备制造业,,
600321,5,工业,C61,非金属矿物制品业,,
600322,3,房地产,J01,房地产开发与经营业,,
600323,2,公用事业,D05,自来水的生产和供应业,,
600325,3,房地产,J01,房地产开发与经营业,,
600326,3,房地产,E01,土木工程建筑业,,
600327,6,商业,H11,零售业,,
600328,5,工业,C43,化学原料及化学制品制造业,,
600329,5,工业,C81,医药制造业,,
600330,5,工业,C51,电子元器件制造业,,
600331,5,工业,C43,化学原料及化学制品制造业,,
600332,5,工业,C81,医药制造业,,
600333,5,工业,D03,煤气生产和供应业,,
600335,5,工业,C71,普通机械制造业,,
600336,5,工业,C76,电器机械及器材制造业,,
600337,5,工业,C25,家具制造业,,
600338,5,工业,C7510,摩托车制造业,,
600339,5,工业,C41,石油加工及炼焦业,,
600340,5,工业,C76,电器机械及器材制造业,,
600343,5,工业,C71,普通机械制造业,,
600345,5,工业,G81,通信及相关设备制造业,,
600346,5,工业,C73,专用设备制造业,,
600348,5,工业,B01,煤炭采选业,,
600350,2,公用事业,K01,公共设施服务业,,
600351,5,工业,C81,医药制造业,,
600352,5,工业,C43,化学原料及化学制品制造业,,
600353,5,工业,C51,电子元器件制造业,,
600354,4,综合,A01,农业,,
600355,5,工业,C57,其他电子设备制造业,,
600356,5,工业,C31,造纸及纸制品业,,
600357,5,工业,C65,黑色金属冶炼及压延加工业,,
600358,2,公用事业,K34,旅游业,,
600359,4,综合,A01,农业,,
600360,5,工业,C51,电子元器件制造业,,
600361,6,商业,H11,零售业,,
600362,5,工业,C67,有色金属冶炼及压延加工业,,
600363,5,工业,C51,电子元器件制造业,,
600365,5,工业,C05,饮料制造业,,
600366,5,工业,C78,仪器仪表及文化、办公用机械制造业,,
600367,5,工业,C43,化学原料及化学制品制造业,,
600368,2,公用事业,F03,公路运输业,,
600369,2,公用事业,F07,水上运输业,,
600370,5,工业,C11,纺织业,,
600371,5,工业,C01,食品加工业,,
600372,5,工业,C75,交通运输设备制造业,,
600373,5,工业,C69,金属制品业,,
600375,5,工业,C75,交通运输设备制造业,,
600376,3,房地产,J01,房地产开发与经营业,,
600377,2,公用事业,F11,交通运输辅助业,,
600378,5,工业,C43,化学原料及化学制品制造业,,
600379,5,工业,C76,电器机械及器材制造业,,
600380,5,工业,C81,医药制造业,,
600381,5,工业,C11,纺织业,,
600382,5,工业,C73,专用设备制造业,,
600383,3,房地产,J01,房地产开发与经营业,,
600385,5,工业,C81,医药制造业,,
600386,2,公用事业,F19,其他交通运输业,,
600387,2,公用事业,F11,交通运输辅助业,,
600388,5,工业,C73,专用设备制造业,,
600389,5,工业,C43,化学原料及化学制品制造业,,
600390,5,工业,C99,其他制造业,,
600391,5,工业,C75,交通运输设备制造业,,
600392,2,公用事业,G87,计算机应用服务业,,
600393,3,房地产,J01,房地产开发与经营业,,
600395,5,工业,B01,煤炭采选业,,
600396,5,工业,D01,电力、蒸汽、热水的生产和供应业,,
600397,5,工业,C75,交通运输设备制造业,,
600398,5,工业,C11,纺织业,,
600399,5,工业,C65,黑色金属冶炼及压延加工业,,
600400,5,工业,C13,服装及其他纤维制品制造业,,
600401,5,工业,C49,塑料制造业,,
600403,2,公用事业,G87,计算机应用服务业,,
600405,5,工业,C57,其他电子设备制造业,,
600406,2,公用事业,G87,计算机应用服务业,,
600408,5,工业,C4115,炼焦业,,
600409,5,工业,C43,化学原料及化学制品制造业,,
600410,2,公用事业,G87,计算机应用服务业,,
600415,6,商业,H11,零售业,,
600416,5,工业,C71,普通机械制造业,,
600418,5,工业,C75,交通运输设备制造业,,
600419,5,工业,C31,造纸及纸制品业,,
600420,5,工业,C81,医药制造业,,
600421,5,工业,C85,生物制品业,,
600422,5,工业,C81,医药制造业,,
600423,5,工业,C43,化学原料及化学制品制造业,,
600425,5,工业,C61,非金属矿物制品业,,
600426,5,工业,C43,化学原料及化学制品制造业,,
600428,2,公用事业,F07,水上运输业,,
600429,5,工业,C03,食品制造业,,
600432,5,工业,C67,有色金属冶炼及压延加工业,,
600433,5,工业,C31,造纸及纸制品业,,
600435,5,工业,C73,专用设备制造业,,
600436,5,工业,C81,医药制造业,,
600438,4,综合,A09,农、林、牧、渔服务业,,
600439,5,工业,C14,皮革、毛皮、羽绒及制品制造业,,
600444,5,工业,C49,塑料制造业,,
600446,2,公用事业,G87,计算机应用服务业,,
600448,5,工业,C11,纺织业,,
600449,5,工业,C61,非金属矿物制品业,,
600452,5,工业,D01,电力、蒸汽、热水的生产和供应业,,
600455,2,公用事业,G87,计算机应用服务业,,
600456,5,工业,C67,有色金属冶炼及压延加工业,,
600458,5,工业,C48,橡胶制造业,,
600459,5,工业,C67,有色金属冶炼及压延加工业,,
600460,5,工业,C51,电子元器件制造业,,
600461,2,公用事业,D05,自来水的生产和供应业,,
600462,5,工业,C31,造纸及纸制品业,,
600463,3,房地产,J01,房地产开发与经营业,,
600466,5,工业,C81,医药制造业,,
600467,4,综合,A07,渔业,,
600468,5,工业,C71,普通机械制造业,,
600469,5,工业,C4801,轮胎制造业,,
600470,5,工业,C43,化学原料及化学制品制造业,,
600472,5,工业,B07,有色金属矿采选业,,
600475,5,工业,C73,专用设备制造业,,
600476,2,公用事业,G87,计算机应用服务业,,
600477,3,房地产,E01,土木工程建筑业,,
600478,5,工业,C51,电子元器件制造业,,
600479,5,工业,C81,医药制造业,,
600480,5,工业,C48,橡胶制造业,,
600481,5,工业,C76,电器机械及器材制造业,,
600482,5,工业,C76,电器机械及器材制造业,,
600483,5,工业,C11,纺织业,,
600485,5,工业,G81,通信及相关设备制造业,,
600486,5,工业,C43,化学原料及化学制品制造业,,
600487,5,工业,G81,通信及相关设备制造业,,
600488,5,工业,C81,医药制造业,,
600489,5,工业,B07,有色金属矿采选业,,
600490,5,工业,C43,化学原料及化学制品制造业,,
600491,3,房地产,E01,土木工程建筑业,,
600493,5,工业,C11,纺织业,,
600495,5,工业,C71,普通机械制造业,,
600496,5,工业,C73,专用设备制造业,,
600497,5,工业,B07,有色金属矿采选业,,
600498,5,工业,G81,通信及相关设备制造业,,
600499,5,工业,C73,专用设备制造业,,
600500,6,商业,H21,商业经纪与代理业,,
600501,5,工业,C75,交通运输设备制造业,,
600502,3,房地产,E01,土木工程建筑业,,
600503,2,公用事业,G87,计算机应用服务业,,
600505,5,工业,D01,电力、蒸汽、热水的生产和供应业,,
600506,4,综合,A01,农业,,
600507,5,工业,C75,交通运输设备制造业,,
600508,5,工业,B01,煤炭采选业,,
600509,5,工业,D01,电力、蒸汽、热水的生产和供应业,,
600510,5,工业,C13,服装及其他纤维制品制造业,,
600511,6,商业,H01,食品、饮料、烟草和家庭用品批发业,,
600512,3,房地产,E01,土木工程建筑业,,
600513,5,工业,C81,医药制造业,,
600515,6,商业,H11,零售业,,
600516,5,工业,C61,非金属矿物制品业,,
600517,5,工业,C76,电器机械及器材制造业,,
600518,5,工业,C81,医药制造业,,
600519,5,工业,C05,饮料制造业,,
600520,5,工业,C76,电器机械及器材制造业,,
600521,5,工业,C81,医药制造业,,
600522,5,工业,G81,通信及相关设备制造业,,
600523,5,工业,C75,交通运输设备制造业,,
600525,5,工业,C49,塑料制造业,,
600526,5,工业,C73,专用设备制造业,,
600527,5,工业,C11,纺织业,,
600528,3,房地产,E01,土木工程建筑业,,
600529,5,工业,C61,非金属矿物制品业,,
600530,5,工业,C85,生物制品业,,
600531,5,工业,C67,有色金属冶炼及压延加工业,,
600532,5,工业,C43,化学原料及化学制品制造业,,
600533,3,房地产,J01,房地产开发与经营业,,
600535,5,工业,C81,医药制造业,,
600536,2,公用事业,G87,计算机应用服务业,,
600537,5,工业,C01,食品加工业,,
600538,5,工业,C85,生物制品业,,
600539,5,工业,C61,非金属矿物制品业,,
600540,4,综合,A01,农业,,
600543,5,工业,C01,食品加工业,,
600545,3,房地产,E01,土木工程建筑业,,
600546,3,房地产,E01,土木工程建筑业,,
600547,5,工业,B07,有色金属矿采选业,,
600548,2,公用事业,F11,交通运输辅助业,,
600549,5,工业,C67,有色金属冶炼及压延加工业,,
600550,5,工业,C76,电器机械及器材制造业,,
600551,5,工业,C57,其他电子设备制造业,,
600552,5,工业,C61,非金属矿物制品业,,
600553,5,工业,C61,非金属矿物制品业,,
600555,5,工业,C13,服装及其他纤维制品制造业,,
600556,5,工业,C85,生物制品业,,
600557,5,工业,C81,医药制造业,,
600558,5,工业,C69,金属制品业,,
600559,5,工业,C05,饮料制造业,,
600560,5,工业,C73,专用设备制造业,,
600561,2,公用事业,F03,公路运输业,,
600562,5,工业,C61,非金属矿物制品业,,
600563,5,工业,C51,电子元器件制造业,,
600565,5,工业,C75,交通运输设备制造业,,
600566,5,工业,C71,普通机械制造业,,
600567,5,工业,C31,造纸及纸制品业,,
600568,5,工业,C81,医药制造业,,
600569,5,工业,C65,黑色金属冶炼及压延加工业,,
600570,2,公用事业,G87,计算机应用服务业,,
600571,2,公用事业,G87,计算机应用服务业,,
600572,5,工业,C81,医药制造业,,
600573,5,工业,C05,饮料制造业,,
600575,2,公用事业,F11,交通运输辅助业,,
600576,5,工业,C11,纺织业,,
600577,5,工业,C76,电器机械及器材制造业,,
600578,5,工业,D01,电力、蒸汽、热水的生产和供应业,,
600579,5,工业,C48,橡胶制造业,,
600580,5,工业,C76,电器机械及器材制造业,,
600581,5,工业,C65,黑色金属冶炼及压延加工业,,
600582,5,工业,C73,专用设备制造业,,
600583,5,工业,B03,石油和天然气开采业,,
600584,5,工业,C51,电子元器件制造业,,
600585,5,工业,C61,非金属矿物制品业,,
600586,5,工业,C61,非金属矿物制品业,,
600587,5,工业,C73,专用设备制造业,,
600588,2,公用事业,G87,计算机应用服务业,,
600589,5,工业,C4350,合成材料制造业,,
600590,5,工业,C76,电器机械及器材制造业,,
600591,2,公用事业,F09,航空运输业,,
600592,5,工业,C71,普通机械制造业,,
600593,2,公用事业,K34,旅游业,,
600594,5,工业,C81,医药制造业,,
600595,5,工业,C67,有色金属冶炼及压延加工业,,
600596,5,工业,C43,化学原料及化学制品制造业,,
600597,5,工业,C01,食品加工业,,
600598,4,综合,A01,农业,,
600599,5,工业,C43,化学原料及化学制品制造业,,
600600,5,工业,C05,饮料制造业,,
600601,5,工业,G83,计算机及相关设备制造业,,
600602,5,工业,C51,电子元器件制造业,,
600603,3,房地产,J01,房地产开发与经营业,,
600604,5,工业,C73,专用设备制造业,,
600605,5,工业,C71,普通机械制造业,,
600606,5,工业,C11,纺织业,,
600607,4,综合,M,综合类,,
600608,5,工业,C69,金属制品业,,
600609,5,工业,C75,交通运输设备制造业,,
600610,5,工业,C73,专用设备制造业,,
600611,2,公用事业,K01,公共设施服务业,,
600612,5,工业,C99,其他制造业,,
600613,2,公用事业,L,传播与文化产业,,
600614,5,工业,C85,生物制品业,,
600615,5,工业,C43,化学原料及化学制品制造业,,
600616,6,商业,H11,零售业,,
600617,5,工业,C47,化学纤维制造业,,
600618,5,工业,C43,化学原料及化学制品制造业,,
600619,5,工业,C76,电器机械及器材制造业,,
600620,4,综合,M,综合类,,
600621,2,公用事业,G85,通信服务业,,
600622,4,综合,M,综合类,,
600623,5,工业,C48,橡胶制造业,,
600624,4,综合,M,综合类,,
600625,5,工业,C76,电器机械及器材制造业,,
600626,5,工业,C11,纺织业,,
600627,5,工业,C76,电器机械及器材制造业,,
600628,6,商业,H11,零售业,,
600629,5,工业,C61,非金属矿物制品业,,
600630,5,工业,C11,纺织业,,
600631,6,商业,H11,零售业,,
600632,6,商业,H11,零售业,,
600633,5,工业,C76,电器机械及器材制造业,,
600634,3,房地产,J01,房地产开发与经营业,,
600635,4,综合,M,综合类,,
600636,5,工业,C43,化学原料及化学制品制造业,,
600637,5,工业,C55,日用电子器具制造业,,
600638,3,房地产,J01,房地产开发与经营业,,
600639,3,房地产,J01,房地产开发与经营业,,
600640,2,公用事业,L,传播与文化产业,,
600641,3,房地产,J01,房地产开发与经营业,,
600642,5,工业,D01,电力、蒸汽、热水的生产和供应业,,
600643,1,金融,I31,金融信托业,,
600644,5,工业,D01,电力、蒸汽、热水的生产和供应业,,
600645,5,工业,C11,纺织业,,
600646,2,公用事业,G87,计算机应用服务业,,
600647,4,综合,M,综合类,,
600648,3,房地产,J01,房地产开发与经营业,,
600649,2,公用事业,D05,自来水的生产和供应业,,
600650,6,商业,K32,旅馆业,,
600651,4,综合,M,综合类,,
600652,4,综合,M,综合类,,
600653,4,综合,M,综合类,,
600654,5,工业,G81,通信及相关设备制造业,,
600655,6,商业,H11,零售业,,
600656,5,工业,C43,化学原料及化学制品制造业,,
600657,2,公用事业,G87,计算机应用服务业,,
600658,5,工业,G81,通信及相关设备制造业,,
600659,4,综合,M,综合类,,
600660,5,工业,C61,非金属矿物制品业,,
600661,4,综合,M,综合类,,
600662,2,公用事业,K01,公共设施服务业,,
600663,3,房地产,J01,房地产开发与经营业,,
600664,5,工业,C81,医药制造业,,
600665,3,房地产,J01,房地产开发与经营业,,
600666,5,工业,C81,医药制造业,,
600667,5,工业,C47,化学纤维制造业,,
600668,5,工业,C61,非金属矿物制品业,,
600669,5,工业,C47,化学纤维制造业,,
600670,4,综合,M,综合类,,
600671,5,工业,C81,医药制造业,,
600672,4,综合,A01,农业,,
600673,5,工业,C78,仪器仪表及文化、办公用机械制造业,,
600674,5,工业,C65,黑色金属冶炼及压延加工业,,
600675,3,房地产,J01,房地产开发与经营业,,
600676,5,工业,C75,交通运输设备制造业,,
600677,5,工业,C11,纺织业,,
600678,5,工业,C61,非金属矿物制品业,,
600679,5,工业,C75,交通运输设备制造业,,
600680,5,工业,G81,通信及相关设备制造业,,
600681,2,公用事业,L,传播与文化产业,,
600682,6,商业,H11,零售业,,
600683,6,商业,H11,零售业,,
600684,3,房地产,J01,房地产开发与经营业,,
600685,5,工业,C75,交通运输设备制造业,,
600686,5,工业,C75,交通运输设备制造业,,
600687,2,公用事业,G87,计算机应用服务业,,
600688,5,工业,C41,石油加工及炼焦业,,
600689,5,工业,C13,服装及其他纤维制品制造业,,
600690,5,工业,C76,电器机械及器材制造业,,
600691,5,工业,C65,黑色金属冶炼及压延加工业,,
600692,2,公用事业,F07,水上运输业,,
600693,6,商业,H11,零售业,,
600694,6,商业,H11,零售业,,
600695,5,工业,C01,食品加工业,,
600696,5,工业,C61,非金属矿物制品业,,
600697,6,商业,H11,零售业,,
600698,5,工业,C75,交通运输设备制造业,,
600699,5,工业,C47,化学纤维制造业,,
600700,4,综合,M,综合类,,
600701,4,综合,M,综合类,,
600702,5,工业,C05,饮料制造业,,
600703,5,工业,C43,化学原料及化学制品制造业,,
600704,6,商业,H21,商业经纪与代理业,,
600705,4,综合,M,综合类,,
600706,2,公用事业,G85,通信服务业,,
600707,5,工业,C55,日用电子器具制造业,,
600708,4,综合,M,综合类,,
600709,4,综合,A01,农业,,
600710,5,工业,C73,专用设备制造业,,
600711,4,综合,M,综合类,,
600712,6,商业,H11,零售业,,
600713,5,工业,C81,医药制造业,,
600714,5,工业,C65,黑色金属冶炼及压延加工业,,
600715,5,工业,C75,交通运输设备制造业,,
600716,5,工业,C61,非金属矿物制品业,,
600717,2,公用事业,F11,交通运输辅助业,,
600718,2,公用事业,G87,计算机应用服务业,,
600719,5,工业,D01,电力、蒸汽、热水的生产和供应业,,
600720,5,工业,C61,非金属矿物制品业,,
600721,5,工业,G83,计算机及相关设备制造业,,
600722,5,工业,C43,化学原料及化学制品制造业,,
600723,6,商业,H11,零售业,,
600724,5,工业,C76,电器机械及器材制造业,,
600725,5,工业,C43,化学原料及化学制品制造业,,
600726,5,工业,D01,电力、蒸汽、热水的生产和供应业,,
600727,5,工业,C43,化学原料及化学制品制造业,,
600728,2,公用事业,G87,计算机应用服务业,,
600729,6,商业,H11,零售业,,
600730,4,综合,M,综合类,,
600731,5,工业,C43,化学原料及化学制品制造业,,
600732,5,工业,C73,专用设备制造业,,
600733,5,工业,G81,通信及相关设备制造业,,
600734,5,工业,G83,计算机及相关设备制造业,,
600735,5,工业,C05,饮料制造业,,
600736,3,房地产,J01,房地产开发与经营业,,
600737,5,工业,C61,非金属矿物制品业,,
600738,6,商业,H11,零售业,,
600739,6,商业,H21,商业经纪与代理业,,
600740,5,工业,C41,石油加工及炼焦业,,
600741,2,公用事业,K01,公共设施服务业,,
600742,5,工业,C75,交通运输设备制造业,,
600743,4,综合,M,综合类,,
600744,5,工业,D01,电力、蒸汽、热水的生产和供应业,,
600745,5,工业,C13,服装及其他纤维制品制造业,,
600746,5,工业,C43,化学原料及化学制品制造业,,
600747,5,工业,C55,日用电子器具制造业,,
600748,5,工业,C65,黑色金属冶炼及压延加工业,,
600749,2,公用事业,K34,旅游业,,
600750,5,工业,C81,医药制造业,,
600751,2,公用事业,F07,水上运输业,,
600752,5,工业,C81,医药制造业,,
600753,5,工业,C76,电器机械及器材制造业,,
600754,6,商业,K32,旅馆业,,
600755,6,商业,H21,商业经纪与代理业,,
600756,2,公用事业,G87,计算机应用服务业,,
600757,5,工业,C13,服装及其他纤维制品制造业,,
600758,3,房地产,E01,土木工程建筑业,,
600759,4,综合,M,综合类,,
600760,5,工业,C75,交通运输设备制造业,,
600761,5,工业,C73,专用设备制造业,,
600762,4,综合,A01,农业,,
600763,5,工业,C14,皮革、毛皮、羽绒及制品制造业,,
600764,5,工业,C41,石油加工及炼焦业,,
600765,5,工业,C71,普通机械制造业,,
600766,6,商业,H11,零售业,,
600767,3,房地产,J01,房地产开发与经营业,,
600768,2,公用事业,F03,公路运输业,,
600769,5,工业,D01,电力、蒸汽、热水的生产和供应业,,
600770,4,综合,M,综合类,,
600771,5,工业,C81,医药制造业,,
600772,2,公用事业,F05,管道运输业,,
600773,6,商业,H21,商业经纪与代理业,,
600774,6,商业,H11,零售业,,
600775,5,工业,G81,通信及相关设备制造业,,
600776,5,工业,G81,通信及相关设备制造业,,
600777,4,综合,M,综合类,,
600778,6,商业,H11,零售业,,
600779,5,工业,C05,饮料制造业,,
600780,5,工业,D01,电力、蒸汽、热水的生产和供应业,,
600781,5,工业,C11,纺织业,,
600782,5,工业,C69,金属制品业,,
600783,5,工业,C61,非金属矿物制品业,,
600784,4,综合,M,综合类,,
600785,6,商业,H11,零售业,,
600786,5,工业,C71,普通机械制造业,,
600787,2,公用事业,F21,仓储业,,
600788,5,工业,C99,其他制造业,,
600789,5,工业,C81,医药制造业,,
600790,4,综合,M,综合类,,
600791,6,商业,H11,零售业,,
600792,5,工业,C61,非金属矿物制品业,,
600793,5,工业,C31,造纸及纸制品业,,
600794,5,工业,C31,造纸及纸制品业,,
600795,5,工业,D01,电力、蒸汽、热水的生产和供应业,,
600796,5,工业,C85,生物制品业,,
600797,2,公用事业,G87,计算机应用服务业,,
600798,2,公用事业,F07,水上运输业,,
600799,2,公用事业,G87,计算机应用服务业,,
600800,5,工业,C99,其他制造业,,
600801,5,工业,C61,非金属矿物制品业,,
600802,5,工业,C61,非金属矿物制品业,,
600803,5,工业,C43,化学原料及化学制品制造业,,
600804,5,工业,C65,黑色金属冶炼及压延加工业,,
600805,4,综合,M,综合类,,
600806,5,工业,C73,专用设备制造业,,
600807,6,商业,H11,零售业,,
600808,5,工业,C65,黑色金属冶炼及压延加工业,,
600809,5,工业,C05,饮料制造业,,
600810,5,工业,C47,化学纤维制造业,,
600811,4,综合,M,综合类,,
600812,5,工业,C81,医药制造业,,
600813,5,工业,C73,专用设备制造业,,
600814,6,商业,H11,零售业,,
600815,5,工业,C73,专用设备制造业,,
600816,1,金融,I31,金融信托业,,
600817,4,综合,M,综合类,,
600818,5,工业,C75,交通运输设备制造业,,
600819,5,工业,C61,非金属矿物制品业,,
600820,3,房地产,E01,土木工程建筑业,,
600821,6,商业,H11,零售业,,
600822,6,商业,H21,商业经纪与代理业,,
600823,6,商业,H11,零售业,,
600824,6,商业,H11,零售业,,
600825,6,商业,H11,零售业,,
600826,6,商业,H21,商业经纪与代理业,,
600827,6,商业,H11,零售业,,
600828,6,商业,H11,零售业,,
600829,5,工业,C81,医药制造业,,
600830,6,商业,H11,零售业,,
600831,5,工业,C76,电器机械及器材制造业,,
600832,4,综合,M,综合类,,
600833,6,商业,H11,零售业,,
600834,2,公用事业,D05,自来水的生产和供应业,,
600835,5,工业,C76,电器机械及器材制造业,,
600836,5,工业,C35,印刷业,,
600837,6,商业,H01,食品、饮料、烟草和家庭用品批发业,,
600838,6,商业,H11,零售业,,
600839,5,工业,C55,日用电子器具制造业,,
600840,6,商业,H11,零售业,,
600841,5,工业,C71,普通机械制造业,,
600842,5,工业,C81,医药制造业,,
600843,5,工业,C73,专用设备制造业,,
600844,5,工业,C37,文教体育用品制造业,,
600845,5,工业,C6905,铸铁管制造业,,
600846,4,综合,M,综合类,,
600847,5,工业,C76,电器机械及器材制造业,,
600848,5,工业,C78,仪器仪表及文化、办公用机械制造业,,
600849,5,工业,C81,医药制造业,,
600850,5,工业,G83,计算机及相关设备制造业,,
600851,5,工业,C14,皮革、毛皮、羽绒及制品制造业,,
600852,3,房地产,E01,土木工程建筑业,,
600853,3,房地产,E01,土木工程建筑业,,
600854,5,工业,C76,电器机械及器材制造业,,
600855,5,工业,C73,专用设备制造业,,
600856,6,商业,H11,零售业,,
600857,6,商业,H1130,日用百货零售业,,
600858,4,综合,M,综合类,,
600859,6,商业,H11,零售业,,
600860,5,工业,C73,专用设备制造业,,
600861,6,商业,H11,零售业,,
600862,5,工业,C71,普通机械制造业,,
600863,5,工业,D01,电力、蒸汽、热水的生产和供应业,,
600864,5,工业,D01,电力、蒸汽、热水的生产和供应业,,
600865,6,商业,H11,零售业,,
600866,5,工业,C85,生物制品业,,
600867,5,工业,C81,医药制造业,,
600868,4,综合,M,综合类,,
600869,5,工业,C81,医药制造业,,
600870,5,工业,C55,日用电子器具制造业,,
600871,5,工业,C47,化学纤维制造业,,
600872,4,综合,M,综合类,,
600873,5,工业,C76,电器机械及器材制造业,,
600874,2,公用事业,K01,公共设施服务业,,
600875,5,工业,C76,电器机械及器材制造业,,
600876,5,工业,C61,非金属矿物制品业,,
600877,5,工业,C75,交通运输设备制造业,,
600878,4,综合,M,综合类,,
600879,5,工业,C73,专用设备制造业,,
600880,2,公用事业,L,传播与文化产业,,
600881,4,综合,M,综合类,,
600882,5,工业,C43,化学原料及化学制品制造业,,
600883,5,工业,C6105,水泥制品和石棉水泥制品业,,
600884,5,工业,C13,服装及其他纤维制品制造业,,
600885,5,工业,C43,化学原料及化学制品制造业,,
600886,5,工业,D01,电力、蒸汽、热水的生产和供应业,,
600887,5,工业,C03,食品制造业,,
600888,5,工业,C67,有色金属冶炼及压延加工业,,
600889,5,工业,C47,化学纤维制造业,,
600890,5,工业,C7510,摩托车制造业,,
600891,6,商业,H11,零售业,,
600892,5,工业,C73,专用设备制造业,,
600893,5,工业,C03,食品制造业,,
600894,5,工业,C65,黑色金属冶炼及压延加工业,,
600895,4,综合,M,综合类,,
600896,2,公用事业,F07,水上运输业,,
600897,2,公用事业,F11,交通运输辅助业,,
600898,6,商业,H11,零售业,,
600899,2,公用事业,L,传播与文化产业,,
600900,5,工业,D01,电力、蒸汽、热水的生产和供应业,,
600908,1,金融,,,J66,货币金融服务
600909,1,金融,J67,资本市场服务,,
600917,5,工业,D45,燃气生产和供应业,,
600919,1,金融,J66,货币金融服务,,
600926,1,金融,J66,货币金融服务,,
600936,2,公用事业,I63,电信、广播电视和卫星传输服务,,
600958,1,金融,J67,资本市场服务,,
600959,2,公用事业,I63,电信、广播电视和卫星传输服务,,
600960,5,工业,C71,普通机械制造业,,
600961,5,工业,C67,有色金属冶炼及压延加工业,,
600962,4,综合,M,综合类,,
600963,5,工业,C31,造纸及纸制品业,,
600965,4,综合,A05,畜牧业,,
600966,5,工业,C31,造纸及纸制品业,,
600967,5,工业,C75,交通运输设备制造业,,
600969,5,工业,D01,电力、蒸汽、热水的生产和供应业,,
600970,3,房地产,E01,土木工程建筑业,,
600971,5,工业,B01,煤炭采选业,,
600973,5,工业,C76,电器机械及器材制造业,,
600975,4,综合,A05,畜牧业,,
600976,5,工业,C81,医药制造业,,
600977,2,公用事业,R86,广播、电视、电影和影视录音制作业,,
600978,5,工业,C25,家具制造业,,
600979,5,工业,D01,电力、蒸汽、热水的生产和供应业,,
600980,5,工业,C51,电子元器件制造业,,
600981,6,商业,H01,食品、饮料、烟草和家庭用品批发业,,
600982,5,工业,D01,电力、蒸汽、热水的生产和供应业,,
600983,5,工业,C76,电器机械及器材制造业,,
600984,5,工业,C71,普通机械制造业,,
600985,5,工业,C43,化学原料及化学制品制造业,,
600986,3,房地产,E01,土木工程建筑业,,
600987,5,工业,C11,纺织业,,
600988,5,工业,C75,交通运输设备制造业,,
600990,5,工业,G81,通信及相关设备制造业,,
600991,5,工业,C75,交通运输设备制造业,,
600992,5,工业,C69,金属制品业,,
600993,5,工业,C81,医药制造业,,
600995,5,工业,D01,电力、蒸汽、热水的生产和供应业,,
600996,2,公用事业,I63,电信、广播电视和卫星传输服务,,
600997,5,工业,B01,煤炭采选业,,
600998,6,商业,H0160,药品及医疗器械批发业,,
600999,1,金融,I21,证券、期货业,,
601000,2,公用事业,F11,交通运输辅助业,,
601001,5,工业,B01,煤炭采选业,,
601002,5,工业,C71,普通机械制造业,,
601003,5,工业,C65,黑色金属冶炼及压延加工业,,
601005,5,工业,C65,黑色金属冶炼及压延加工业,,
601006,2,公用事业,F01,铁路运输业,,
601007,6,商业,K32,旅馆业,,
601008,2,公用事业,F11,交通运输辅助业,,
601009,1,金融,I01,银行业,,
601010,6,商业,H11,零售业,,
601011,5,工业,C41,石油加工及炼焦业,,
601012,5,工业,C51,电子元器件制造业,,
601015,5,工业,C25,石油加工、炼焦及核燃料加工业,,
601016,5,工业,D44,电力、热力生产和供应业,,
601018,2,公用事业,F1105,港口业,,
601020,5,工业,B09,有色金属矿采选业,,
601021,2,公用事业,G56,航空运输业,,
601028,5,工业,C65,黑色金属冶炼及压延加工业,,
601038,5,工业,C73,专用设备制造业,,
601058,5,工业,C48,橡胶制造业,,
601069,5,工业,B09,有色金属矿采选业,,
601088,5,工业,B01,煤炭采选业,,
601098,2,公用事业,L01,出版业,,
601099,1,金融,I21,证券、期货业,,
601100,5,工业,C71,普通机械制造业,,
601101,5,工业,B01,煤炭采选业,,
601106,5,工业,C73,专用设备制造业,,
601107,2,公用事业,F1101,公路管理及养护业,,
601111,2,公用事业,F09,航空运输业,,
601113,5,工业,C47,化学纤维制造业,,
601116,6,商业,H11,零售业,,
601117,3,房地产,E01,土木工程建筑业,,
601118,4,综合,A01,农业,,
601126,5,工业,C7610,输配电及控制设备制造业,,
601127,5,工业,C36,汽车制造业,,
601128,1,金融,J66,货币金融服务,,
601137,5,工业,C67,有色金属冶炼及压延加工业,,
601139,5,工业,D03,煤气生产和供应业,,
601155,3,房地产,K70,房地产业,,
601158,2,公用事业,D05,自来水的生产和供应业,,
601163,5,工业,C29,橡胶和塑料制品业,,
601166,1,金融,I01,银行业,,
601168,5,工业,B07,有色金属矿采选业,,
601169,1,金融,I01,银行业,,
601177,5,工业,C71,普通机械制造业,,
601179,5,工业,C76,电器机械及器材制造业,,
601186,3,房地产,E01,土木工程建筑业,,
601188,2,公用事业,F,交通运输、仓储业,,
601198,1,金融,J67,资本市场服务,,
601199,2,公用事业,D05,自来水的生产和供应业,,
601208,5,工业,C47,化学纤维制造业,,
601211,1,金融,J67,资本市场服务,,
601216,5,工业,C43,化学原料及化学制品制造业,,
601218,5,工业,C7125,铸件制造业,,
601222,5,工业,C78,仪器仪表及文化、办公用机械制造业,,
601225,5,工业,B06,煤炭开采和洗选业,,
601226,2,公用事业,M74,专业技术服务业,,
601229,1,金融,J66,货币金融服务,,
601231,5,工业,C55,日用电子器具制造业,,
601233,5,工业,C47,化学纤维制造业,,
601238,5,工业,C75,交通运输设备制造业,,
601258,6,商业,H1199,其他零售业,,
601268,5,工业,C73,专用设备制造业,,
601288,1,金融,I01,银行业,,
601299,5,工业,C75,交通运输设备制造业,,
601311,5,工业,C76,电器机械及器材制造业,,
601313,5,工业,C73,专用设备制造业,,
601318,1,金融,I11,保险业,,
601328,1,金融,I01,银行业,,
601333,2,公用事业,F01,铁路运输业,,
601336,1,金融,I11,保险业,,
601339,5,工业,C11,纺织业,,
601368,2,公用事业,D46,水的生产和供应业,,
601369,5,工业,C71,普通机械制造业,,
601377,1,金融,I21,证券、期货业,,
601388,5,工业,C67,有色金属冶炼及压延加工业,,
601390,3,房地产,E01,土木工程建筑业,,
601398,1,金融,I01,银行业,,
601500,5,工业,C29,橡胶和塑料制品业,,
601515,5,工业,C35,印刷业,,
601518,2,公用事业,F,交通运输、仓储业,,
601519,2,公用事业,G87,计算机应用服务业,,
601555,1,金融,I21,证券、期货业,,
601558,5,工业,C7601,电机制造业,,
601566,5,工业,C13,服装及其他纤维制品制造业,,
601567,5,工业,C78,仪器仪表及文化、办公用机械制造业,,
601579,5,工业,C15,酒、饮料和精制茶制造业,,
601588,3,房地产,J01,房地产开发与经营业,,
601595,2,公用事业,R86,广播、电视、电影和影视录音制作业,,
601599,5,工业,C11,纺织业,,
601600,5,工业,C67,有色金属冶炼及压延加工业,,
601601,1,金融,I11,保险业,,
601607,5,工业,C81,医药制造业,,
601608,5,工业,C73,专用设备制造业,,
601611,3,房地产,E48,土木工程建筑业,,
601616,5,工业,C7610,输配电及控制设备制造业,,
601618,3,房地产,E,建筑业,,
601628,1,金融,I11,保险业,,
601633,5,工业,C75,交通运输设备制造业,,
601636,5,工业,C61,非金属矿物制品业,,
601666,5,工业,B01,煤炭采选业,,
601668,3,房地产,E,建筑业,,
601669,3,房地产,E01,土木工程建筑业,,
601677,5,工业,C67,有色金属冶炼及压延加工业,,
601678,5,工业,C43,化学原料及化学制品制造业,,
601688,1,金融,I21,证券、期货业,,
601689,5,工业,C36,汽车制造业,,
601699,5,工业,B01,煤炭采选业,,
601700,5,工业,C6901,金属结构制造业,,
601717,5,工业,C73,专用设备制造业,,
601718,5,工业,C13,服装及其他纤维制品制造业,,
601727,5,工业,C76,电器机械及器材制造业,,
601766,5,工业,C75,交通运输设备制造业,,
601777,5,工业,C75,交通运输设备制造业,,
601788,1,金融,I,金融、保险业,,
601789,3,房地产,E01,土木工程建筑业,,
601798,5,工业,C73,专用设备制造业,,
601799,5,工业,C76,电器机械及器材制造业,,
601800,3,房地产,E01,土木工程建筑业,,
601801,2,公用事业,L01,出版业,,
601808,2,公用事业,B5003,石油和天然气开采服务业,,
601811,2,公用事业,R85,新闻和出版业,,
601818,1,金融,I01,银行业,,
601857,5,工业,B03,石油和天然气开采业,,
601866,2,公用事业,F07,水上运输业,,
601872,2,公用事业,F07,水上运输业,,
601877,5,工业,C7610,输配电及控制设备制造业,,
601880,2,公用事业,F1105,港口业,,
601882,5,工业,C34,通用设备制造业,,
601886,4,综合,E05,装修装饰业,,
601888,2,公用事业,K34,旅游业,,
601890,5,工业,C75,交通运输设备制造业,,
601898,2,公用事业,B50,采掘服务业,,
601899,5,工业,B07,有色金属矿采选业,,
601900,2,公用事业,R85,新闻和出版业,,
601901,1,金融,I21,证券、期货业,,
601908,5,工业,C73,专用设备制造业,,
601918,5,工业,B01,煤炭采选业,,
601919,2,公用事业,F07,水上运输业,,
601928,2,公用事业,L01,出版业,,
601929,2,公用事业,L10,广播电影电视业,,
601933,6,商业,H11,零售业,,
601939,1,金融,I01,银行业,,
601958,5,工业,B07,有色金属矿采选业,,
601965,2,公用事业,K20,专业、科研服务业,,
601966,5,工业,C29,橡胶和塑料制品业,,
601968,5,工业,C33,金属制品业,,
601969,5,工业,B08,黑色金属矿采选业,,
601985,5,工业,D44,电力、热力生产和供应业,,
601988,1,金融,I01,银行业,,
601989,5,工业,C75,交通运输设备制造业,,
601991,5,工业,D01,电力、蒸汽、热水的生产和供应业,,
601992,5,工业,C61,非金属矿物制品业,,
601996,5,工业,C21,木材加工及竹、藤、棕、草制品业,,
601997,1,金融,J66,货币金融服务,,
601998,1,金融,I01,银行业,,
601999,2,公用事业,L01,出版业,,
603000,2,公用事业,L20,信息传播服务业,,
603001,5,工业,C14,皮革、毛皮、羽绒及制品制造业,,
603002,5,工业,C43,化学原料及化学制品制造业,,
603003,6,商业,H03,能源、材料和机械电子设备批发业,,
603005,5,工业,C39,计算机、通信和其他电子设备制造业,,
603006,5,工业,C36,汽车制造业,,
603007,3,房地产,E48,土木工程建筑业,,
603008,5,工业,C25,家具制造业,,
603009,5,工业,C36,汽车制造业,,
603010,5,工业,C26,化学原料及化学制品制造业,,
603011,5,工业,C34,通用设备制造业,,
603012,5,工业,C35,专用设备制造业,,
603015,5,工业,C38,电气机械及器材制造业,,
603016,5,工业,C38,电气机械及器材制造业,,
603017,2,公用事业,M74,专业技术服务业,,
603018,2,公用事业,M74,专业技术服务业,,
603019,5,工业,C39,计算机、通信和其他电子设备制造业,,
603020,5,工业,C26,化学原料及化学制品制造业,,
603021,5,工业,C30,非金属矿物制品业,,
603022,5,工业,C22,造纸及纸制品业,,
603023,5,工业,C39,计算机、通信和其他电子设备制造业,,
603025,5,工业,C39,计算机、通信和其他电子设备制造业,,
603026,5,工业,C26,化学原料及化学制品制造业,,
603027,5,工业,C14,食品制造业,,
603028,5,工业,C33,金属制品业,,
603029,5,工业,C35,专用设备制造业,,
603030,4,综合,E50,建筑装饰和其他建筑业,,
603031,6,商业,F52,零售业,,
603033,5,工业,C29,橡胶和塑料制品业,,
603036,5,工业,C35,专用设备制造业,,
603058,5,工业,C23,印刷和记录媒介复制业,,
603060,2,公用事业,M74,专业技术服务业,,
603066,2,公用事业,G59,仓储业,,
603067,5,工业,C26,化学原料及化学制品制造业,,
603069,2,公用事业,G54,道路运输业,,
603077,5,工业,C43,化学原料及化学制品制造业,,
603085,5,工业,C35,专用设备制造业,,
603088,5,工业,C35,专用设备制造业,,
603090,5,工业,C34,通用设备制造业,,
603098,4,综合,E50,建筑装饰和其他建筑业,,
603099,2,公用事业,N78,公共设施管理业,,
603100,5,工业,C40,仪器仪表制造业,,
603101,6,商业,F52,零售业,,
603108,6,商业,F51,批发业,,
603111,5,工业,C37,铁路、船舶、航空航天和其它运输设备制造业,,
603116,5,工业,C19,皮革、毛皮、羽毛及其制品和制鞋业,,
603117,2,公用事业,L72,商务服务业,,
603118,5,工业,C39,计算机、通信和其他电子设备制造业,,
603123,6,商业,H11,零售业,,
603126,2,公用事业,M74,专业技术服务业,,
603128,2,公用事业,K99,其他社会服务业,,
603131,5,工业,C34,通用设备制造业,,
603158,5,工业,C36,汽车制造业,,
603159,5,工业,C35,专用设备制造业,,
603160,5,工业,C39,计算机、通信和其他电子设备制造业,,
603166,5,工业,C36,汽车制造业,,
603167,2,公用事业,F07,水上运输业,,
603168,5,工业,C27,医药制造业,,
603169,5,工业,C35,专用设备制造业,,
603188,5,工业,C26,化学原料及化学制品制造业,,
603189,2,公用事业,I65,软件和信息技术服务业,,
603198,5,工业,C15,酒、饮料和精制茶制造业,,
603199,2,公用事业,N78,公共设施管理业,,
603203,5,工业,C35,专用设备制造业,,
603218,5,工业,C34,通用设备制造业,,
603222,5,工业,C27,医药制造业,,
603223,2,公用事业,G54,道路运输业,,
603227,5,工业,C26,化学原料及化学制品制造业,,
603239,5,工业,C36,汽车制造业,,
603258,2,公用事业,I65,软件和信息技术服务业,,
603268,5,工业,C30,非金属矿物制品业,,
603288,5,工业,C14,食品制造业,,
603298,5,工业,C34,通用设备制造业,,
603299,5,工业,C26,化学原料及化学制品制造业,,
603300,2,公用事业,L71,租赁业,,
603306,5,工业,C36,汽车制造业,,
603308,5,工业,C35,专用设备制造业,,
603309,5,工业,C35,专用设备制造业,,
603311,5,工业,C35,专用设备制造业,,
603313,5,工业,C21,家具制造业,,
603315,5,工业,C34,通用设备制造业,,
603318,5,工业,C35,专用设备制造业,,
603319,5,工业,C36,汽车制造业,,
603322,2,公用事业,I65,软件和信息技术服务业,,
603323,1,金融,J66,货币金融服务,,
603328,5,工业,C39,计算机、通信和其他电子设备制造业,,
603333,5,工业,C76,电器机械及器材制造业,,
603336,5,工业,C13,农副食品加工业,,
603338,5,工业,C35,专用设备制造业,,
603339,5,工业,C34,通用设备制造业,,
603355,5,工业,C38,电气机械及器材制造业,,
603366,5,工业,C76,电器机械及器材制造业,,
603368,6,商业,F51,批发业,,
603369,5,工业,C15,酒、饮料和精制茶制造业,,
603377,2,公用事业,G54,道路运输业,,
603389,5,工业,C21,家具制造业,,
603393,5,工业,D45,燃气生产和供应业,,
603398,5,工业,C24,文教、工美、体育和娱乐用品制造业,,
603399,5,工业,C67,有色金属冶炼及压延加工业,,
603416,5,工业,C40,仪器仪表制造业,,
603421,2,公用事业,I65,软件和信息技术服务业,,
603456,5,工业,C27,医药制造业,,
603508,2,公用事业,I65,软件和信息技术服务业,,
603515,5,工业,C38,电气机械及器材制造业,,
603518,5,工业,C18,纺织服装、服饰业,,
603519,5,工业,C38,电气机械及器材制造业,,
603520,5,工业,C27,医药制造业,,
603528,5,工业,C39,计算机、通信和其他电子设备制造业,,
603555,5,工业,C18,纺织服装、服饰业,,
603556,5,工业,C40,仪器仪表制造业,,
603558,5,工业,C18,纺织服装、服饰业,,
603559,2,公用事业,I63,电信、广播电视和卫星传输服务,,
603566,5,工业,C27,医药制造业,,
603567,5,工业,C27,医药制造业,,
603568,2,公用事业,N77,生态保护和环境治理业,,
603569,2,公用事业,L72,商务服务业,,
603577,5,工业,C33,金属制品业,,
603585,5,工业,C26,化学原料及化学制品制造业,,
603588,2,公用事业,N77,生态保护和环境治理业,,
603589,5,工业,C15,酒、饮料和精制茶制造业,,
603598,2,公用事业,L72,商务服务业,,
603599,5,工业,C26,化学原料及化学制品制造业,,
603600,5,工业,C21,家具制造业,,
603601,5,工业,C30,非金属矿物制品业,,
603606,5,工业,C38,电气机械及器材制造业,,
603608,5,工业,C19,皮革、毛皮、羽毛及其制品和制鞋业,,
603609,5,工业,C13,农副食品加工业,,
603611,5,工业,C36,汽车制造业,,
603616,5,工业,C30,非金属矿物制品业,,
603618,5,工业,C38,电气机械及器材制造业,,
603633,5,工业,C39,计算机、通信和其他电子设备制造业,,
603636,2,公用事业,I65,软件和信息技术服务业,,
603658,5,工业,C27,医药制造业,,
603660,5,工业,C39,计算机、通信和其他电子设备制造业,,
603663,5,工业,C30,非金属矿物制品业,,
603667,5,工业,C34,通用设备制造业,,
603669,5,工业,C27,医药制造业,,
603678,5,工业,C39,计算机、通信和其他电子设备制造业,,
603686,5,工业,C35,专用设备制造业,,
603688,5,工业,C30,非金属矿物制品业,,
603696,5,工业,C14,食品制造业,,
603698,2,公用事业,M74,专业技术服务业,,
603699,5,工业,C34,通用设备制造业,,
603701,5,工业,C36,汽车制造业,,
603703,5,工业,C38,电气机械及器材制造业,,
603708,6,商业,F52,零售业,,
603716,6,商业,F51,批发业,,
603718,5,工业,C27,医药制造业,,
603726,5,工业,C34,通用设备制造业,,
603727,5,工业,B11,开采辅助活动,,
603729,2,公用事业,L72,商务服务业,,
603737,5,工业,C26,化学原料及化学制品制造业,,
603738,5,工业,C41,其他制造业,,
603766,5,工业,C75,交通运输设备制造业,,
603777,6,商业,F52,零售业,,
603778,3,房地产,E48,土木工程建筑业,,
603779,5,工业,C15,酒、饮料和精制茶制造业,,
603788,5,工业,C36,汽车制造业,,
603789,5,工业,C35,专用设备制造业,,
603798,5,工业,C25,石油加工、炼焦及核燃料加工业,,
603799,5,工业,C32,有色金属冶炼及压延加工业,,
603800,5,工业,C35,专用设备制造业,,
603806,5,工业,C29,橡胶和塑料制品业,,
603808,5,工业,C18,纺织服装、服饰业,,
603816,5,工业,C21,家具制造业,,
603818,5,工业,C21,家具制造业,,
603819,5,工业,C38,电气机械及器材制造业,,
603822,5,工业,C26,化学原料及化学制品制造业,,
603823,5,工业,C26,化学原料及化学制品制造业,,
603828,4,综合,E50,建筑装饰和其他建筑业,,
603838,5,工业,C30,非金属矿物制品业,,
603843,3,房地产,E48,土木工程建筑业,,
603858,5,工业,C27,医药制造业,,
603859,2,公用事业,M74,专业技术服务业,,
603861,5,工业,C38,电气机械及器材制造业,,
603866,5,工业,C14,食品制造业,,
603868,5,工业,C38,电气机械及器材制造业,,
603869,2,公用事业,N78,公共设施管理业,,
603878,5,工业,C31,黑色金属冶炼及压延加工业,,
603883,6,商业,F52,零售业,,
603885,2,公用事业,G56,航空运输业,,
603886,5,工业,C14,食品制造业,,
603887,3,房地产,E48,土木工程建筑业,,
603888,2,公用事业,I64,互联网和相关服务,,
603889,5,工业,C17,纺织业,,
603898,5,工业,C21,家具制造业,,
603899,5,工业,C24,文教、工美、体育和娱乐用品制造业,,
603900,6,商业,F52,零售业,,
603901,5,工业,C35,专用设备制造业,,
603909,2,公用事业,M74,专业技术服务业,,
603918,2,公用事业,I65,软件和信息技术服务业,,
603919,5,工业,C15,酒、饮料和精制茶制造业,,
603928,5,工业,C26,化学原料及化学制品制造业,,
603929,3,房地产,E49,建筑安装业,,
603936,5,工业,C39,计算机、通信和其他电子设备制造业,,
603939,6,商业,F52,零售业,,
603958,5,工业,C19,皮革、毛皮、羽毛及其制品和制鞋业,,
603959,2,公用事业,M74,专业技术服务业,,
603968,5,工业,C26,化学原料及化学制品制造业,,
603969,5,工业,C33,金属制品业,,
603977,5,工业,C26,化学原料及化学制品制造业,,
603979,5,工业,B11,开采辅助活动,,
603986,5,工业,C39,计算机、通信和其他电子设备制造业,,
603987,5,工业,C35,专用设备制造业,,
603988,5,工业,C38,电气机械及器材制造业,,
603989,5,工业,C39,计算机、通信和其他电子设备制造业,,
603990,2,公用事业,I65,软件和信息技术服务业,,
603993,5,工业,B07,有色金属矿采选业,,
603996,5,工业,C39,计算机、通信和其他电子设备制造业,,
603997,5,工业,C36,汽车制造业,,
603998,5,工业,C27,医药制造业,,
603999,2,公用事业,R85,新闻和出版业,,
